record_id_ref,rank,artist,thumbnail,subscribers,video_views,video_count,published_date,creation_timestamp,estimated_earnings
recIv1Km69vdIz3RH,1,Sat-B,cK8VmGVSsDxab8Kf6oFd9YxCtiNHgr612NqqQzxuAtHcBZSCIHTcAdToyNAjC-UJTgZpVkiVMA=s88-c-k-c0x00ffffff-no-nd-rj (https://v5.airtableusercontent.com/v1/19/19/1691496000000/nakaBiFRo-2KuQNKY6ePMg/0HGZqXg1W-vKdKs7DcOR893AhqjYoDJXwBmmmFD9zHtsFpOevhYcj1Sr_FpOLUZ6i6cpDEkLlfE4XLp7rpRCBrEfeCaTJrwdXCl8XnlO0GQMLAHj1l6AyxFB98HlXCsCQ6vN6LP_ehL5QKm5L25gjmkXU5O4YZwcbPuEyGTLwqpWvHaMMl0b03PIjNBMcF_axOSvONFT1lz6fq8I66s-Ag/c1Xe2OCuPbyievQt0ZmQYEcd2Cw8xCVLW-0j-spYh3w),215000,18912806,112,2014-09-24,2023-08-03 8:58pm,$1 - $23
recJktdL63pFjGUeg,2,Big Fizzo Official,TOvNpl0id1EG5kwqnifqVdMJL57s5gWfVVafm5a9y4MfRYpDZ8p_6MOoRPXmjQk3uY1ur2lk=s88-c-k-c0x00ffffff-no-nd-rj (https://v5.airtableusercontent.com/v1/19/19/1691496000000/LUwbMldzvvmZM_-oX0lq1Q/NVi9r678OxodfTazlfGUcQbeImFmIkyNpiwGiJw0cr0bGfSG8Mzp1ukn9Kt_T-doqRqbrnnDuV4WeGVXFbPxl2SfKx7Grucdn3_ybIoHrL0yxI-guzsvQHxtleOLqQy8w696WrrASH3F8axpoA1GxcLd9d66zmDIa4iIFc_9JreejHYBVdcw2fvRFH5LoC6Q-M-2uVY9CA3MOxjbaVpc3Q/q_EaFF-ye0JsKyVCVfk6aPZ_aWICC4CO4qWhMI6BRUA),130000,7223431,95,2016-04-08,2023-08-03 8:58pm,$1 - $11
recwItB3MdQvBATv9,3,Kidum Kibido,kpSZcSzV8oRD7dllWslUJSQ_ij77NuVxSBRwjhJGEaW8Zdc-AVZemqQlHCDlRQHduXhjmsWS=s88-c-k-c0x00ffffff-no-nd-rj (https://v5.airtableusercontent.com/v1/19/19/1691496000000/vpK4_8oLCiHXbBWaZWhWbw/Lq_lQTNqO-ZBhlPwotwHyOHMJ0ATtfBeckcRXjNViJE0gcTJPYPk6kOV7s8iqzkBrsbTo6gwDbx1HXw_4xjmuNuoFLGu5vB-rY0rt24ttxLrUdi1yrDdDLtI9q4naKpYqB7PNQGJfYTRSbGplvesAxd1jDxf98ROu7C5TX6hLqb2qCZk0MjZnMU44jJfGLuiQFu-XLzsKKe1Xx2kKul2mA/QfCCv2jcY_5tA6BwwNhLP6wlHEJnu1_4lF1wVYsINkE),116000,16812435,151,2015-04-17,2023-08-03 8:58pm,$1 - $22
recuTgIg6f2dBHF2D,4,Drama T,R89mDdfSR9xrK671hGHgMETPGhAolcHVJWED_JL3a7hVTXAELXVwyOchebU4IPHZnKr7tvzE=s88-c-k-c0x00ffffff-no-nd-rj (https://v5.airtableusercontent.com/v1/19/19/1691496000000/HhSuURErIxCoIpzTy4O-6g/1I8DaV3GMyHfdqYhNa82BtS7FuTKK0PBrcBTS_gAZOCk6ycRER5D0VLM18uljdehw9svsOV5ZtciiWk1AoGGXPGqdRs63sv8-RLWc_bKOdl2-7ECqYQrUH-l1bvYAJeqqS3muyZohSqlGkNNSHpAnd1M10pWOgn25gfJuDfvFGezL7WlNE-Jx6IJw7goOgojcYtI_l8xWF2ndR8hTO-qgw/doVCk8_ilwWYdEZB5bqLEX5N-p2kBY-HpBYGhG-qhVI),114000,8765797,7,2015-10-04,2023-08-03 8:58pm,$1 - $12
recSf8aWT4oWe8Ou2,5,Kirikou A-kili,JlVE9ndiIQ9slIbZPdTpGiW5sD6TMwH2bGjHZl6X8LHTmCuglL11pBgAYxJJmked7gDzNjw1ng=s88-c-k-c0x00ffffff-no-nd-rj (https://v5.airtableusercontent.com/v1/19/19/1691496000000/GJe4NuzvGziOtdyJnoBQXg/q-XfcbUQi78sdExaclLOCRYHLIBn0q5Vt2yYU1PdiJg02quRN4BOj5JcBZNEH4kGcQWp_gLh8zFIOXMFrGSyi1QUdPcM8tiTMIwwFSZK5UK9la-hb4TCVUmsVJgiPKcNiE6zb0DmLKXu30NU-eaOliZu9udbbo9hnMo31ZX4z-QvmWH3ke7_xLF1o1mbJ30tnfr49eW8KWu_5ADp0faVhw/jKzthIokbRs9WxNXAhr27hlYMOqScbUjhzUukYErfdI),110000,5249068,14,2018-07-11,2023-08-03 8:58pm,$1 - $11
rec07QoojbKcSmpvh,6,Double Jay OnceAgain,YjsHOzqy-UyGJX4LErMsJTEzqg0smKCcu5ODa7ybMJbzURNxlLmAe4AbnCd0086Gh_pVQ_0YJg=s88-c-k-c0x00ffffff-no-nd-rj (https://v5.airtableusercontent.com/v1/19/19/1691496000000/jH43mjok2pVpvvK2AZ0zlA/UPjrZNI4SDozvQcdgkJersT-oifpkwpikVnm4OfvxIFEqISyhGWGGJuYhcwFj9-gajq5ojhsE0Rlt-CpoC63ljHDzbLtSK1_2lgHhN5e-Nu-zyLhNM5kMkG1O9uVECte0MGDOLS-tpLAxStpAVjxngf8VBMELJQv81EsDDT3FhEZNXnSlWwquKq9bgS6r9XNQxiAy16B-Os0tYkbCh1uvg/G_IeXTDKobPkgurBswhUaFQ59VdEqDnfDQ5Wsg4vrtU),104000,6989827,17,2018-01-11,2023-08-03 8:58pm,$1 - $14
recbhWDdB8UudNQQD,7,B-Face Official,AOPolaROZVRthZtiKt1_c70KNEdinpiZoRjPvWjjsGtLUg=s88-c-k-c0x00ffffff-no-rj-mo (https://v5.airtableusercontent.com/v1/19/19/1691496000000/g_zvuYUiGQv3ls2MHR4wbA/u6vqj2s6zROWvvgnL1Kr42EiHmBr1pJPYAZHaRJvse2YGO7DGyELrd5N7HXI3P6PrCU_fm0TAVMWQTGG7d5qBQQbr61uanRcNrs9L7MmlU_Xyd5ndxGohicJJL2sVFqU-FkoLwnLnuD5GH3cAgomEIO84ERt1Tvw1az2bPCEU-DllZJVTaoqu-QB9ETAF5E4/7Di_rX9Cn0_mnsPVCof91J5Lf5oi79FnyGbd3A7lnRQ),95800,5539566,182,2016-09-19,2023-08-03 8:58pm,$1 - $9
rectSvAZm3bNA8gXD,8,Alvin Smith Official,sm9w3Z4sCb65aTB4rCp0o1nS9U0RrQBQKNOVYfU9af56pehWPesVQG3nVRtRK5DXJTyq9BVnyQ=s88-c-k-c0x00ffffff-no-rj (https://v5.airtableusercontent.com/v1/19/19/1691496000000/zFNggoayv6l0e7gZuafI6Q/8vEceVvBkgxGcfiIYHlDP2HHHTwpnt5KXZ7Vz0V_h6O565Bf4a-2N8IQLcr9rVannaY2ca5u5IDeJ9NeWTwZ7Zo0nAfHflJMxdxgW0akhj43AaM8IbkiN0J5WHYqBa5s2s1PtJbuzy0mjVcfLyJRB40iAC8897XbeGNOIue4ITWQ_MflV1W7tyreFE3NaJj0hWjzxgP1gZSNDmTzqlQuag/iJSzxyxi3fX__FvgViuddPYvm3yT-3Um4v_tHrtrBIw),86300,5892552,199,2013-04-26,2023-08-03 8:58pm,$0 - $6
recvM5HJ5efTle15a,9,D-ONE,GtR-XjaCXAd2JhaWOqGnO3pZeb7-puP0vgjhfyR7sHHEsX8pYzP8f4qp5kMVPqL-RTXTyY31Pw=s88-c-k-c0x00ffffff-no-nd-rj (https://v5.airtableusercontent.com/v1/19/19/1691496000000/2EqDK4Th3oYIq6xKjmnDGA/Sczaf7tfsJvaZ5STH-p8pmZ_yXFYMoIReVCL7JqX9OLFj1OQaVXZJiYYP-oleF6oFP8tg24kztUOV2ZUnZ-Sr8z3QDf-dn2rpCl2FirHkTZczUGimzas8Yyi8dniJrZfmReFwVoZak7sFF2PUjIkcKK_u3nHPkz9QwcvbiknvVJcqFMdXxuiW9W3Quh6Xp2zArA3tSZ6L_D360MoK1GwYQ/XfUxxVuhRdUvgeAKzX-P9WYnu0thAohy3nTEu_yUD3E),86200,6129777,23,2021-04-16,2023-08-03 8:58pm,$2 - $29
rec0fq6oRz7PMsKps,10,Natacha Burundi,AOPolaT2JoB0LTqJ9n_7c5nqelNSrCvAHvcj8kIFIqiDcg=s88-c-k-c0x00ffffff-no-rj-mo (https://v5.airtableusercontent.com/v1/19/19/1691496000000/oeWcvu3qJPN0oiQavSZp5g/MJYsjpcaLQY7ahXIlBdpNj5u7uIE0J2z0t_HIug6ARIgwfNQ14hqzMDp2WucoTPSZtRD-A_r4X-aguOeSlQwyXAPF_Ga3Td9gTKFG49cmN05dtQfem93zd1_8EDZxDlx8X7pvPnGLPA21x31a2VNg8LeVQASOiKLg47sQnnN9C9e7TnDcQFSCkMocFVQICaH/5bUiwr3sqq0MF_c6re6--VlgYOY6VFj9lxRtDSdvkyQ),63600,5484897,93,2015-04-22,2023-08-03 8:58pm,$0 - $7
recQ1ZzdWmoQLnGr9,11,Ado Josan,AOPolaQZbBjQ7jP_bmQHYL1uaMNQFIHAtPT-MfUz0OqLOw=s88-c-k-c0x00ffffff-no-rj (https://v5.airtableusercontent.com/v1/19/19/1691496000000/Zvz1i4qyiqhlK8TMhyDqfg/nnf1TZgo9tBAEdVqQlpSjIh8RprKePcCrGzlCUWgLfjV65IeJziExngdxUUnSyzvmP6iDVGkSuo9hBt58dkgcbQ70lvC6VKvZ0mrg-AB9HD1J2xnZZj5Glf-fqh6tqpNxIRKGza-4wPKXJIjquvbS7Vg6AYTy_gfSF6aEeqKnzI/_BSqBj4f8mVjqe6MDvy1zUtNqcHlJ8wy62cqIRkVedA),58300,5135370,21,2014-02-15,2023-08-03 8:58pm,$0 - $6
recoJBgDMSh2L9GEp,12,MB DATA Boy,AOPolaRZ-EC3n_iWKy5tyDCDfC7ynYx_uGv7UK8ojCEO=s88-c-k-c0x00ffffff-no-rj (https://v5.airtableusercontent.com/v1/19/19/1691496000000/UcgF62UKLpxdhIGBet_mzA/xGW-zYZXVVKZlduWu-es8gC2bPlOe55GpgfMeINOn006CD9IbufBwhocWkvpzNe8Yyg66IXyEz9WmJoNM_LGknsWdzk2gNZYZda88A8n9ZFvLQcbFKHonPpT9wKs0xQEh7RnAUKJPHKmObZI2I_FkiU26GA7TY3pm9gv8-JVfOE/W8vDUrez0uG1WNaAhHZqU80dzNSauLWEixGC3TgY4po),50600,2782136,26,2020-06-02,2023-08-03 8:58pm,$1 - $10
rec22SNmrrZAoO2kc,13,Trey Zo & Rappy Boy,H-5kSLGvQjgVnpA89dWAYhSw_IBsqP2AJ53DUCdJVLlaXcSvaXpQvdQxMFhyfSkzb7AU9DwtxA=s88-c-k-c0x00ffffff-no-nd-rj (https://v5.airtableusercontent.com/v1/19/19/1691496000000/ktU2QxvGKqEQHaJyWVeYEg/RoKWDCbxo7No3Vc6dR7O2C8l3pI5fTS9Fvm8sPLfZdj21dJPeqGFptNxFA4JANaF9P8oJW1mrwW2OsU8LcPp5QMhKRX26r5gMImdPobMcZaI3221_tcue2zR-z8jlRJc70jQM_Sr_LjE6gczMORjKBKmiV4vI2likDSCz09Zs9O9she0C0ylEJWE-p14w8BBwBdEDHnCct71qBsCQbpneA/ta0LfqYdCaPp4eqznvOqKqYuG3eawIkOKEh_rqnlINY),46500,3326294,21,2016-02-19,2023-08-03 8:58pm,$0 - $5
recbpOwWwraQCdIuU,14,Mista champagne,dQh0ts78pMRp8ZU7yoDJ7m8_zEfwzYtkU4sRHDdWqPJFhqLKySM3JbN90tXBhdoRqGj7qH1k=s88-c-k-c0x00ffffff-no-nd-rj (https://v5.airtableusercontent.com/v1/19/19/1691496000000/HIUJVP85D-DnpPCPpdczYA/spBSx2iLRIP8-HFko31cxGEK9mrY3PEtDcTCNSLHmkIm9-IlxE5hHfEJHzju2lTsCLVwHkoTSw0Fn8kiBoLDrLBgq9AsGZ5m0e4N0d2iwf6x3M1UTNn-DE_JCtq8Bnnn_JqZgIWhS_3G-jtng26NnZb8liDF4ZSVZoZJ7fcbktXt__2ZQD15VaqsINq1LXU0_yZw7z0bZaP0Tv1at3ej0w/nJ3kNT6XaFIRdYZZtGyPhlM4yPY8gzl-gnnreeSVcTU),41400,1905651,208,2019-04-25,2023-08-03 8:58pm,$0 - $5
rec8rLdJDpbnNecxY,15,R-Flow The Raincoat ,EbFhmrL2AsOSMMX3ksJvtTAz_dskNvNTBTQweFG6dWRUl-B1MJpeTuJhxD3yYl8e_p9_Tp1j=s88-c-k-c0x00ffffff-no-nd-rj (https://v5.airtableusercontent.com/v1/19/19/1691496000000/B32PXl-sbYCJcTCWkaSTsw/lQQZkMQMutKiiJh88DarHA6_llTTytFt0UweQ3sneaqzC-cHnQVXCsrBNTcWbfskDPiCy-dyp0_rXT1n7f9FzhvTx2qbni1pYrAwdM2R-4-MO5N-iLEpgn5vfOgpGppc1mjKppAMg48OJJNteUE5NaHUPnwzqcvURxaK5ZmsyhA88dDzKLLM2QWum5r2vjivXuEukL4ESvRBYj5XOLA9Yg/leJPU5Kcl_ogGvaNCEJXhozGCODYtR-Ivh9UqpBJbug),40000,1693877,19,2019-03-21,2023-08-03 8:58pm,$0 - $4
recNxv5Mo6ODAQOvY,16,Mo'W Kanzie Official,AOPolaQeS_IZymjiwfO-Tk1I1PS33sZMT4MwSSkB9JDG5Q=s88-c-k-c0x00ffffff-no-rj-mo (https://v5.airtableusercontent.com/v1/19/19/1691496000000/tQatQGiXlv5RtBzD3ot-SQ/EWMpSF87HxOnK0DGLun3H21vpyvcTnau5U0qOVqvwBzqG4QPcaZr4VRjxcos-JZpKDU4cHiEJ_gGiw-kwVkw5i0W8u8xB_tCzWy1g5Bmk4khL1KGz2sNRLC-TQkl1KqZbl7EBwhNAB8FI6svJdaGuOcXc6NOXr1rGqejTOm4jYMLd25dk4nYsJkKWKQ2_Iwp/kHXZlt31urjsaP7Nv2rp6a6CAHrJfvDGb5GjYmTA1J8),36600,1711595,57,2014-07-27,2023-08-03 8:58pm,$0 - $2
recojjGBtxoxYYqD1,17,Esther Nish Official,5KT48SH_f1wD_g6LR8lu1euZoZISibXu2aInWAohOy-oGCA5aqImhw5gRs9nIYdr_kCsz3qwqQ=s88-c-k-c0x00ffffff-no-rj (https://v5.airtableusercontent.com/v1/19/19/1691496000000/y8H5terBWKYFbbvC4T71jw/qwTQQc6_A8ZX2V8MxfR7RVhLet_L103SQmkrHwweFNMg2s1CwE_a_Lu13N6JLf34moeyVMXz1y-RPCNMNhY6QEjguPOqeuW81a8fDldBpaV9xUD4jG-YVBYhcjhYEfBxX-Jm3EbKrfcWTQ764fg69WF55H651bRZaip5-JrOovq4sFF_XMMr7Lelm1BvnPOqf82hkxy8Hg6saqBQJwVRdw/OF_QBakpEqwAUPu3Aus7n9mBep2Fv32JJXJib0uqFWo),32600,1379626,34,2018-08-14,2023-08-03 8:58pm,$0 - $3
reczZLP2hHYqJtgYR,18,Vichou Love,_XpQIh4k2Ug7NLo7XnG_L_KyJYfkui1zuubDPnsF8AZWb1eb7zCRw4OjHTLgBlTYyM2b_XzqIRc=s88-c-k-c0x00ffffff-no-nd-rj (https://v5.airtableusercontent.com/v1/19/19/1691496000000/1GBRxXftxtWkS1UZOGLL5A/2tRQcJZ3LoYiFUrvcWaqoUzzrJ5R_nL8VWY0-6Qc7E5fJUJ5WVH5h4SbcK3e5as5GGrkhrQPSJi2s7ADAxhuOQJh5k8A9cBguK90DwEUiUUNArY2DUS6zM5F4O6jgPiJJPRy9dE8nMp04v0mctFsxx8-lXhrXhSEziiFZ9Xbjqlhb5Hc-gufRuPjZMjF1jJfAcNLxN81ju3NtU9rjInKzA/B11_H0wUHSKg1esH4-VvMk420--xNNtpY1hC23GtTr8),31700,1797794,68,2017-07-02,2023-08-03 8:58pm,$0 - $3
recAFwFhW2LaiAJjz,19,LinoG Umvukuri,XDg-iAFnqqypvS4sAvyfzCUlyIJ0ov6mT4bhAyqpaGg_XWBT0g4Hvds4XxUh4w6lE5YryQKrVg=s88-c-k-c0x00ffffff-no-rj (https://v5.airtableusercontent.com/v1/19/19/1691496000000/VO_VeTJKgy6t9ABnZJRDUA/tsRDgywcBT31tvDDIS7hO2G9p-JD084rWvl0ecvJBv042jaxCEjdsHFbFFUDXKIIbUf_FvwSdoaOrbmHTRfKZENxIMF93QiD_DE1KBQGBHq0JoxeqHmclCl4bZ7Wni6KqnZT9I3KISI8jGqMjNqUgWIQ_AW9UigWWySbxoTh-RiMOWWY6XPpXDC_tzgeFzkO0eyyGAs0iThFzRaO48ZmNA/HzmsYG9EWs6KBTipVbTDvz46bcpMpiaRv7ZVFpuQiZs),29400,1195957,10,2018-02-05,2023-08-03 8:58pm,$0 - $2
recwTCC7a2HinGTCq,20,Berry Music,wHwcWIow-LEznGCPthBFpe_0YzAYvNsy86hQoHrp72X4g8IocUcwB4wM8p4-9-kae_Fa3c0f=s88-c-k-c0x00ffffff-no-rj (https://v5.airtableusercontent.com/v1/19/19/1691496000000/0KwXATC3yYWgD3cpZn727w/x6cZtyGbfMlS2uGD6dmpoQoIT0EZzkhCFrJmJA5ts_-7dnV-Snzt4UGnR6lNM8kP0dIfhbRRzNH7UT_vHjvrNUvNZ_29U-o2FLrl8K98ScOWQ9KwU2T4cnY9zcme2h1fzIKq-Q789Kmk-d0xeUpQgRpBLSDw-Xd_5uCh9FmvJdWpYct1TPY4L_KGLPJh_7A_aJrG3I5xw27z5aqKOm64Zg/U-eVRpHcTvnXcwWU_unSAHFnGnkfpboAc5woie0sfGc),28700,1431688,7,2020-06-20,2023-08-03 8:58pm,$0 - $5
rec5llOnrmrSdbteu,21,El Pro Burundi,AOPolaSZ6aX5jDZL7UQBoyaSQ0qLTffX3C75OHUttmgU=s88-c-k-c0x00ffffff-no-rj (https://v5.airtableusercontent.com/v1/19/19/1691496000000/R9NEtnRWjR_p0L41K3vSKA/7xRqX6fhzXTBqi8rM7xxFIrQQ_chOUalRNucrDZC4kYQUu6Uus9uNYBxcPdf18yuLWt30XwKYMV3aYXLKIA7r95lFQI-NB1UdnABk-bbIqCR3T1nbV1XtbgMcqow3QaXQfTDshS-6hvRaeakpk9aEdS1ZOL5Go0j5Y124RdvlSs/fj9VbIZIDPCIvM7IpVedxAg3XqDC6CqQv37MbdbFPlg),28400,930504,18,2015-11-03,2023-08-03 8:58pm,$0 - $1
rec24xOQ5E7kuGOWj,22,Masterland,GnhIQQrIlNhv2KRyJ0QCPcXhl5F4ErrA8St4ikdduZ5F0K1Al3CwUxie0cf3pKpJ8FZUQ8rqQeM=s88-c-k-c0x00ffffff-no-rj (https://v5.airtableusercontent.com/v1/19/19/1691496000000/v9yLT3p4yC1Rveas7okRkQ/xvzdO7PscANfay8t1o_Tpw7uVyEqbpaK4_b97BD6E2CVLJvDGe_Vo0KcgeyQPJoZ2Ga1Ew0j2K-i9qurlfzJwct4xDEy6ORTdh9avyiKSMrh4-G5KYp6Fuv3mZVwjKGEgO19RH3K7eu4jrsdprMqRqCGTzxZEDw_veOwwAI1dqnZA1UQEC-Koh6TeWsgsOQWVn8iXwlW9xDsg0Ho_oFokw/rAIg-WRW5-81WP4te7pIpsWmnXzqVTK7JYnB8byEdzw),27700,1443007,62,2013-07-17,2023-08-03 8:58pm,$0 - $2
recwj1SyeocP2GFEb,23,Theecember,4GeiYFHhw7T1IpmUUciV3LlBDaTx6NenwtMoNn4os2QoOXVzGC8pbIJkOlXiTV9ysCHgQez7IA=s88-c-k-c0x00ffffff-no-rj (https://v5.airtableusercontent.com/v1/19/19/1691496000000/8Jic0bfqeFLlQGIMuDlgQw/0hcWWT5m5GNbEoUtpUHBxaMXXxKNhfS67mSVoRfeuh3JqIGHCxkNuuBRBQXHIqCoyj19FSHjKOL3_mzDf_rnAaVCcaW43wA6i2mk9hz0ppT_otZftQOFBM7TdLAII-Wv24UEE030gQZ_VogolqHdL9VAGaafcjdpBhRMNR5llVRdM9ty5BqKbfwZcBh7O6K2cq4YFcWuogXfMJx37xcHYg/4F2EEFkzMShkA7lU-Y4wzXvvgZuTUlsFuAjt-c2dX4I),25800,1596351,16,2018-08-03,2023-08-03 8:58pm,$0 - $3
recW4a7bSDHKXryIC,24,Meili Official,Uf_uO2AsXre8FTE1PobuHdhX31t-qtY7Qipwn6alILYwGVte7j508y_iq9ZQJqHcb3pnXYvK=s88-c-k-c0x00ffffff-no-nd-rj (https://v5.airtableusercontent.com/v1/19/19/1691496000000/_jv-SSpk8exM6jSZ7W3btA/N3dzbhXCjvOLAst0HnjgKMSC4-vA39HHZwjRivPwuilE9AdIeftEdLkI_Qi4gVDxLV396IrOyY5sTuEw2-1QMHZv1G-RQmoi-4xEwzK-XAsN-TSHuvYIQSjP1VpEaCh1CtBA2HqY6TEyZMGkwCXCgueBEEGx_WUwyTY8NRsyMdTzan518l3NTGpPXTCkMeV6JH7-HQuw5iXim_c3_OnE3g/1S7QWqwokqnIKCQ-e2S4G8vHzhYahopDwmDQL-_hGjw),24100,947801,12,2015-08-11,2023-08-03 8:58pm,$0 - $1
recMsVylJUdAGiFmK,25,Yoya Jamal,6670ZD2-S4hg8HKiBk4iz7C9lUpBGXa_DnbkAQnXWAAe6Pvbfg8YWGfrQzflPr3ggxLaBCawSwg=s88-c-k-c0x00ffffff-no-nd-rj (https://v5.airtableusercontent.com/v1/19/19/1691496000000/tFO8CkV6J_81KKAF-TaQcQ/kwM9wmzEmzpiCivtLlfLbjAX2Yko7hWenS3k2dlDbH_HvbzuQwBTSMFkG-Dre0xiIUzOGB5Fk3WsbXRXTlSSO8HJgVNJlZpV74A22MvJbh3yCSEEBMseQ4iLvBZilgfkflASuP_a6Z3jf-jNOlu304KESAtPgO_SrTpnJU12yed0M1pgIlZ0PMKc4UUxt7dH1NZsxiG5q89SlNhPW9nIeQ/5eitj21MiGz7UW06oJmhYwoezVP6t0tFr7ph_PupHHQ),22400,1269309,10,2016-06-02,2023-08-03 8:58pm,$0 - $2
recLMOxbh926rtaG5,26,Vania Ice,UpUbJCQNsBTc8oO1nToCpugQ01-E3atLtwGImX7jJsY2jN0jJslMEoCZsS4ozosMS0-hLFIuvg=s88-c-k-c0x00ffffff-no-nd-rj (https://v5.airtableusercontent.com/v1/19/19/1691496000000/dgIfEv2vfhrmlsFVg1e3Vw/mujFYnoWHHi00cucT3_OAFhIoh2n2NH1E-M3sHOln3n2nSZskbtROZFmt_6cbSuYAQFvrC6stjK3pRQuqYf1a9gKc58yxythKQNjvFDtKHB8KHTpGsJYc3CDCzeAqaUVzHHSjHXmGf2JuLg85wj2iBxfiQ642tqFJAHjGI6nMoOTDLTTPKrvFGVgJwbkYeLpby4TMUlnr-3EBjaLmBQexA/ZV7dSas8L1hWS0OUbAljyzAw8LwLNzKhJqFWP38O4IQ),15000,501847,8,2018-12-01,2023-08-03 8:58pm,$0 - $1
recIpET4dy6QWVxWa,27,Monia Fleur,jX2xP7zYqFTglQdTNkI3NdkLJ0bm2PC_CaFQ3v5zpd6-oMvvQyfJO954o6wICz6o_0FH813njA=s88-c-k-c0x00ffffff-no-rj (https://v5.airtableusercontent.com/v1/19/19/1691496000000/Ayu5NKkN473TjAr4uNjyLg/X8QXcELwPkxATAdKu0TrFMm8zV0OTA1gESNhsorObrqz2bG19SKYwfFtLacvqH1bojWidTLuU4suzAw6he-uqAvRvXGDW-DVA2J789wdYn73CyySk5yhyM7n_SRxDZN1KczDANPXB1PV7OGMys2oxPSUO0HXcXb7ZVngW5krygTZ_yo0RnzFylxJwaLxMXpbtj9mVJlQ6subsX4wrVfL4Q/TzD8Ttv9pR3uIknQss9-OX1WCIyxO5W6FbHyfdDBwp0),14800,615856,4,2022-08-26,2023-08-03 8:58pm,$0 - $7
recWUWhU2pe0ALLUj,28,Miss Erica,g69PUpghy7_tBUK4WP57IoOfMabR4XWW-wiLZpkmdl8o1TzZnFnr9pAUQAbh33ZmGecGjghKZ_M=s88-c-k-c0x00ffffff-no-rj (https://v5.airtableusercontent.com/v1/19/19/1691496000000/tbrn0xz8mp9QJ8E4AIDS0w/35HCqL0tSf6hlT_qVDtjJL7-ijcxmGlUPpDcRhUlAc7tTSSLHoiLcehEN6J392dBzn71b35dFvTrHnZeg6Y91_Pky2t923MZtuhBxBS1j2mNA8PX95p0e8l156Ke_rk0ja3vmQ5Inopo08CFjw4sqifWk1vN8n_Xx_Bg7bh0rRX7vydqjQnaa_pts6w6aUZfckrgMckojnOV1vZoMtzcEg/bByvBLPWIh6RFPTAD90eHbeL7hgpmyUXIesmq6X30NQ),12700,423501,7,2018-10-19,2023-08-03 8:58pm,$0 - $1
recL2JMpDlDwrzbUS,29,RACK,1caf1Hl4j-AcGUAGsHnO1FgxHA2n1uF1QKW9UKcAKgzGMDkXLmSZI9AcBlTXhuggT7W2rvwU=s88-c-k-c0x00ffffff-no-rj (https://v5.airtableusercontent.com/v1/19/19/1691496000000/1_iQDCYXfYKsPV0Mf1Z9tA/mXNV1BmKGPHYuAy0XunTPr7RTkFwyNxpX2bGcaHN8vuw5crpn4AaY7g7o6m8cldLlr8SE59iAp1uUh1sNAFk-braHbhiHsx_1SjdVOVuHs-8ZVkeBYMCbhNwQ-YZH-2VUPTeIpyXsaTDDL7NpVynFCDvuc-nj08vIBW5UvKnc33heoNqTYRawHeiVSIPKWBWb68rRDTEHpR0s9E0lEp0yA/DHCeG_ZHvpbbnmYA-U6-hHkgRDYE6ez2zhyrQj00ecY),10000,401017,7,2018-01-30,2023-08-03 8:58pm,$0 - $1
rec8qZpCAQ3y4lI2i,1,Sat-B,cK8VmGVSsDxab8Kf6oFd9YxCtiNHgr612NqqQzxuAtHcBZSCIHTcAdToyNAjC-UJTgZpVkiVMA=s88-c-k-c0x00ffffff-no-nd-rj (https://v5.airtableusercontent.com/v1/19/19/1691496000000/nakaBiFRo-2KuQNKY6ePMg/0HGZqXg1W-vKdKs7DcOR893AhqjYoDJXwBmmmFD9zHtsFpOevhYcj1Sr_FpOLUZ6i6cpDEkLlfE4XLp7rpRCBrEfeCaTJrwdXCl8XnlO0GQMLAHj1l6AyxFB98HlXCsCQ6vN6LP_ehL5QKm5L25gjmkXU5O4YZwcbPuEyGTLwqpWvHaMMl0b03PIjNBMcF_axOSvONFT1lz6fq8I66s-Ag/c1Xe2OCuPbyievQt0ZmQYEcd2Cw8xCVLW-0j-spYh3w),215000,18922686,112,2014-09-24,2023-08-04 10:25am,$1 - $23
rec34vPpe3VQosRyw,2,Big Fizzo Official,TOvNpl0id1EG5kwqnifqVdMJL57s5gWfVVafm5a9y4MfRYpDZ8p_6MOoRPXmjQk3uY1ur2lk=s88-c-k-c0x00ffffff-no-nd-rj (https://v5.airtableusercontent.com/v1/19/19/1691496000000/LUwbMldzvvmZM_-oX0lq1Q/NVi9r678OxodfTazlfGUcQbeImFmIkyNpiwGiJw0cr0bGfSG8Mzp1ukn9Kt_T-doqRqbrnnDuV4WeGVXFbPxl2SfKx7Grucdn3_ybIoHrL0yxI-guzsvQHxtleOLqQy8w696WrrASH3F8axpoA1GxcLd9d66zmDIa4iIFc_9JreejHYBVdcw2fvRFH5LoC6Q-M-2uVY9CA3MOxjbaVpc3Q/q_EaFF-ye0JsKyVCVfk6aPZ_aWICC4CO4qWhMI6BRUA),130000,7230088,95,2016-04-08,2023-08-04 10:26am,$1 - $11
recEJXyOIxjrKtH6z,3,Kidum Kibido,kpSZcSzV8oRD7dllWslUJSQ_ij77NuVxSBRwjhJGEaW8Zdc-AVZemqQlHCDlRQHduXhjmsWS=s88-c-k-c0x00ffffff-no-nd-rj (https://v5.airtableusercontent.com/v1/19/19/1691496000000/vpK4_8oLCiHXbBWaZWhWbw/Lq_lQTNqO-ZBhlPwotwHyOHMJ0ATtfBeckcRXjNViJE0gcTJPYPk6kOV7s8iqzkBrsbTo6gwDbx1HXw_4xjmuNuoFLGu5vB-rY0rt24ttxLrUdi1yrDdDLtI9q4naKpYqB7PNQGJfYTRSbGplvesAxd1jDxf98ROu7C5TX6hLqb2qCZk0MjZnMU44jJfGLuiQFu-XLzsKKe1Xx2kKul2mA/QfCCv2jcY_5tA6BwwNhLP6wlHEJnu1_4lF1wVYsINkE),116000,16822815,151,2015-04-17,2023-08-04 10:26am,$1 - $22
recHoV7g0u8tQ5hxn,4,Drama T,R89mDdfSR9xrK671hGHgMETPGhAolcHVJWED_JL3a7hVTXAELXVwyOchebU4IPHZnKr7tvzE=s88-c-k-c0x00ffffff-no-nd-rj (https://v5.airtableusercontent.com/v1/19/19/1691496000000/HhSuURErIxCoIpzTy4O-6g/1I8DaV3GMyHfdqYhNa82BtS7FuTKK0PBrcBTS_gAZOCk6ycRER5D0VLM18uljdehw9svsOV5ZtciiWk1AoGGXPGqdRs63sv8-RLWc_bKOdl2-7ECqYQrUH-l1bvYAJeqqS3muyZohSqlGkNNSHpAnd1M10pWOgn25gfJuDfvFGezL7WlNE-Jx6IJw7goOgojcYtI_l8xWF2ndR8hTO-qgw/doVCk8_ilwWYdEZB5bqLEX5N-p2kBY-HpBYGhG-qhVI),114000,8771906,7,2015-10-04,2023-08-04 10:26am,$1 - $12
recsZqiRzJPJykLVe,5,Kirikou A-kili,JlVE9ndiIQ9slIbZPdTpGiW5sD6TMwH2bGjHZl6X8LHTmCuglL11pBgAYxJJmked7gDzNjw1ng=s88-c-k-c0x00ffffff-no-nd-rj (https://v5.airtableusercontent.com/v1/19/19/1691496000000/GJe4NuzvGziOtdyJnoBQXg/q-XfcbUQi78sdExaclLOCRYHLIBn0q5Vt2yYU1PdiJg02quRN4BOj5JcBZNEH4kGcQWp_gLh8zFIOXMFrGSyi1QUdPcM8tiTMIwwFSZK5UK9la-hb4TCVUmsVJgiPKcNiE6zb0DmLKXu30NU-eaOliZu9udbbo9hnMo31ZX4z-QvmWH3ke7_xLF1o1mbJ30tnfr49eW8KWu_5ADp0faVhw/jKzthIokbRs9WxNXAhr27hlYMOqScbUjhzUukYErfdI),111000,5266607,14,2018-07-11,2023-08-04 10:26am,$1 - $11
recWd6BCPnWtFNWPI,6,Double Jay OnceAgain,YjsHOzqy-UyGJX4LErMsJTEzqg0smKCcu5ODa7ybMJbzURNxlLmAe4AbnCd0086Gh_pVQ_0YJg=s88-c-k-c0x00ffffff-no-nd-rj (https://v5.airtableusercontent.com/v1/19/19/1691496000000/jH43mjok2pVpvvK2AZ0zlA/UPjrZNI4SDozvQcdgkJersT-oifpkwpikVnm4OfvxIFEqISyhGWGGJuYhcwFj9-gajq5ojhsE0Rlt-CpoC63ljHDzbLtSK1_2lgHhN5e-Nu-zyLhNM5kMkG1O9uVECte0MGDOLS-tpLAxStpAVjxngf8VBMELJQv81EsDDT3FhEZNXnSlWwquKq9bgS6r9XNQxiAy16B-Os0tYkbCh1uvg/G_IeXTDKobPkgurBswhUaFQ59VdEqDnfDQ5Wsg4vrtU),104000,7004664,17,2018-01-11,2023-08-04 10:26am,$1 - $14
recQZEnNqAJ4NcQRX,7,B-Face Official,AOPolaROZVRthZtiKt1_c70KNEdinpiZoRjPvWjjsGtLUg=s88-c-k-c0x00ffffff-no-rj-mo (https://v5.airtableusercontent.com/v1/19/19/1691496000000/g_zvuYUiGQv3ls2MHR4wbA/u6vqj2s6zROWvvgnL1Kr42EiHmBr1pJPYAZHaRJvse2YGO7DGyELrd5N7HXI3P6PrCU_fm0TAVMWQTGG7d5qBQQbr61uanRcNrs9L7MmlU_Xyd5ndxGohicJJL2sVFqU-FkoLwnLnuD5GH3cAgomEIO84ERt1Tvw1az2bPCEU-DllZJVTaoqu-QB9ETAF5E4/7Di_rX9Cn0_mnsPVCof91J5Lf5oi79FnyGbd3A7lnRQ),95800,5541183,182,2016-09-19,2023-08-04 10:26am,$1 - $9
reczS6qR8ZYYwGPHO,8,Alvin Smith Official,sm9w3Z4sCb65aTB4rCp0o1nS9U0RrQBQKNOVYfU9af56pehWPesVQG3nVRtRK5DXJTyq9BVnyQ=s88-c-k-c0x00ffffff-no-rj (https://v5.airtableusercontent.com/v1/19/19/1691496000000/zFNggoayv6l0e7gZuafI6Q/8vEceVvBkgxGcfiIYHlDP2HHHTwpnt5KXZ7Vz0V_h6O565Bf4a-2N8IQLcr9rVannaY2ca5u5IDeJ9NeWTwZ7Zo0nAfHflJMxdxgW0akhj43AaM8IbkiN0J5WHYqBa5s2s1PtJbuzy0mjVcfLyJRB40iAC8897XbeGNOIue4ITWQ_MflV1W7tyreFE3NaJj0hWjzxgP1gZSNDmTzqlQuag/iJSzxyxi3fX__FvgViuddPYvm3yT-3Um4v_tHrtrBIw),86400,5899643,200,2013-04-26,2023-08-04 10:26am,$0 - $6
rectBMa4mGawNQXDd,9,D-ONE,GtR-XjaCXAd2JhaWOqGnO3pZeb7-puP0vgjhfyR7sHHEsX8pYzP8f4qp5kMVPqL-RTXTyY31Pw=s88-c-k-c0x00ffffff-no-nd-rj (https://v5.airtableusercontent.com/v1/19/19/1691496000000/2EqDK4Th3oYIq6xKjmnDGA/Sczaf7tfsJvaZ5STH-p8pmZ_yXFYMoIReVCL7JqX9OLFj1OQaVXZJiYYP-oleF6oFP8tg24kztUOV2ZUnZ-Sr8z3QDf-dn2rpCl2FirHkTZczUGimzas8Yyi8dniJrZfmReFwVoZak7sFF2PUjIkcKK_u3nHPkz9QwcvbiknvVJcqFMdXxuiW9W3Quh6Xp2zArA3tSZ6L_D360MoK1GwYQ/XfUxxVuhRdUvgeAKzX-P9WYnu0thAohy3nTEu_yUD3E),86300,6153800,23,2021-04-16,2023-08-04 10:26am,$2 - $29
recpM9rcnEw5YFmxL,10,Natacha Burundi,AOPolaT2JoB0LTqJ9n_7c5nqelNSrCvAHvcj8kIFIqiDcg=s88-c-k-c0x00ffffff-no-rj-mo (https://v5.airtableusercontent.com/v1/19/19/1691496000000/oeWcvu3qJPN0oiQavSZp5g/MJYsjpcaLQY7ahXIlBdpNj5u7uIE0J2z0t_HIug6ARIgwfNQ14hqzMDp2WucoTPSZtRD-A_r4X-aguOeSlQwyXAPF_Ga3Td9gTKFG49cmN05dtQfem93zd1_8EDZxDlx8X7pvPnGLPA21x31a2VNg8LeVQASOiKLg47sQnnN9C9e7TnDcQFSCkMocFVQICaH/5bUiwr3sqq0MF_c6re6--VlgYOY6VFj9lxRtDSdvkyQ),63600,5487206,93,2015-04-22,2023-08-04 10:26am,$0 - $7
recqy1lLSvyXQe9kw,11,Ado Josan,AOPolaQZbBjQ7jP_bmQHYL1uaMNQFIHAtPT-MfUz0OqLOw=s88-c-k-c0x00ffffff-no-rj (https://v5.airtableusercontent.com/v1/19/19/1691496000000/Zvz1i4qyiqhlK8TMhyDqfg/nnf1TZgo9tBAEdVqQlpSjIh8RprKePcCrGzlCUWgLfjV65IeJziExngdxUUnSyzvmP6iDVGkSuo9hBt58dkgcbQ70lvC6VKvZ0mrg-AB9HD1J2xnZZj5Glf-fqh6tqpNxIRKGza-4wPKXJIjquvbS7Vg6AYTy_gfSF6aEeqKnzI/_BSqBj4f8mVjqe6MDvy1zUtNqcHlJ8wy62cqIRkVedA),58300,5137035,21,2014-02-15,2023-08-04 10:26am,$0 - $6
recnzBGGIkGmpuQ5I,12,MB DATA Boy,AOPolaRZ-EC3n_iWKy5tyDCDfC7ynYx_uGv7UK8ojCEO=s88-c-k-c0x00ffffff-no-rj (https://v5.airtableusercontent.com/v1/19/19/1691496000000/UcgF62UKLpxdhIGBet_mzA/xGW-zYZXVVKZlduWu-es8gC2bPlOe55GpgfMeINOn006CD9IbufBwhocWkvpzNe8Yyg66IXyEz9WmJoNM_LGknsWdzk2gNZYZda88A8n9ZFvLQcbFKHonPpT9wKs0xQEh7RnAUKJPHKmObZI2I_FkiU26GA7TY3pm9gv8-JVfOE/W8vDUrez0uG1WNaAhHZqU80dzNSauLWEixGC3TgY4po),50600,2783486,26,2020-06-02,2023-08-04 10:26am,$1 - $10
recktVKxVxa0SBWob,13,Trey Zo & Rappy Boy,H-5kSLGvQjgVnpA89dWAYhSw_IBsqP2AJ53DUCdJVLlaXcSvaXpQvdQxMFhyfSkzb7AU9DwtxA=s88-c-k-c0x00ffffff-no-nd-rj (https://v5.airtableusercontent.com/v1/19/19/1691496000000/ktU2QxvGKqEQHaJyWVeYEg/RoKWDCbxo7No3Vc6dR7O2C8l3pI5fTS9Fvm8sPLfZdj21dJPeqGFptNxFA4JANaF9P8oJW1mrwW2OsU8LcPp5QMhKRX26r5gMImdPobMcZaI3221_tcue2zR-z8jlRJc70jQM_Sr_LjE6gczMORjKBKmiV4vI2likDSCz09Zs9O9she0C0ylEJWE-p14w8BBwBdEDHnCct71qBsCQbpneA/ta0LfqYdCaPp4eqznvOqKqYuG3eawIkOKEh_rqnlINY),46600,3330258,21,2016-02-19,2023-08-04 10:26am,$0 - $5
rece7uVyslsTjVevL,14,Mista champagne,dQh0ts78pMRp8ZU7yoDJ7m8_zEfwzYtkU4sRHDdWqPJFhqLKySM3JbN90tXBhdoRqGj7qH1k=s88-c-k-c0x00ffffff-no-nd-rj (https://v5.airtableusercontent.com/v1/19/19/1691496000000/HIUJVP85D-DnpPCPpdczYA/spBSx2iLRIP8-HFko31cxGEK9mrY3PEtDcTCNSLHmkIm9-IlxE5hHfEJHzju2lTsCLVwHkoTSw0Fn8kiBoLDrLBgq9AsGZ5m0e4N0d2iwf6x3M1UTNn-DE_JCtq8Bnnn_JqZgIWhS_3G-jtng26NnZb8liDF4ZSVZoZJ7fcbktXt__2ZQD15VaqsINq1LXU0_yZw7z0bZaP0Tv1at3ej0w/nJ3kNT6XaFIRdYZZtGyPhlM4yPY8gzl-gnnreeSVcTU),41500,1908397,208,2019-04-25,2023-08-04 10:26am,$0 - $5
recwT3CZOkJuR8CgP,15,R-Flow The Raincoat ,EbFhmrL2AsOSMMX3ksJvtTAz_dskNvNTBTQweFG6dWRUl-B1MJpeTuJhxD3yYl8e_p9_Tp1j=s88-c-k-c0x00ffffff-no-nd-rj (https://v5.airtableusercontent.com/v1/19/19/1691496000000/B32PXl-sbYCJcTCWkaSTsw/lQQZkMQMutKiiJh88DarHA6_llTTytFt0UweQ3sneaqzC-cHnQVXCsrBNTcWbfskDPiCy-dyp0_rXT1n7f9FzhvTx2qbni1pYrAwdM2R-4-MO5N-iLEpgn5vfOgpGppc1mjKppAMg48OJJNteUE5NaHUPnwzqcvURxaK5ZmsyhA88dDzKLLM2QWum5r2vjivXuEukL4ESvRBYj5XOLA9Yg/leJPU5Kcl_ogGvaNCEJXhozGCODYtR-Ivh9UqpBJbug),40000,1695807,19,2019-03-21,2023-08-04 10:26am,$0 - $4
recx6Mh2EA6pPbUnn,16,Mo'W Kanzie Official,AOPolaQeS_IZymjiwfO-Tk1I1PS33sZMT4MwSSkB9JDG5Q=s88-c-k-c0x00ffffff-no-rj-mo (https://v5.airtableusercontent.com/v1/19/19/1691496000000/tQatQGiXlv5RtBzD3ot-SQ/EWMpSF87HxOnK0DGLun3H21vpyvcTnau5U0qOVqvwBzqG4QPcaZr4VRjxcos-JZpKDU4cHiEJ_gGiw-kwVkw5i0W8u8xB_tCzWy1g5Bmk4khL1KGz2sNRLC-TQkl1KqZbl7EBwhNAB8FI6svJdaGuOcXc6NOXr1rGqejTOm4jYMLd25dk4nYsJkKWKQ2_Iwp/kHXZlt31urjsaP7Nv2rp6a6CAHrJfvDGb5GjYmTA1J8),36600,1711742,57,2014-07-27,2023-08-04 10:26am,$0 - $2
recGoCmCFxhSrMUk3,17,Esther Nish Official,5KT48SH_f1wD_g6LR8lu1euZoZISibXu2aInWAohOy-oGCA5aqImhw5gRs9nIYdr_kCsz3qwqQ=s88-c-k-c0x00ffffff-no-rj (https://v5.airtableusercontent.com/v1/19/19/1691496000000/y8H5terBWKYFbbvC4T71jw/qwTQQc6_A8ZX2V8MxfR7RVhLet_L103SQmkrHwweFNMg2s1CwE_a_Lu13N6JLf34moeyVMXz1y-RPCNMNhY6QEjguPOqeuW81a8fDldBpaV9xUD4jG-YVBYhcjhYEfBxX-Jm3EbKrfcWTQ764fg69WF55H651bRZaip5-JrOovq4sFF_XMMr7Lelm1BvnPOqf82hkxy8Hg6saqBQJwVRdw/OF_QBakpEqwAUPu3Aus7n9mBep2Fv32JJXJib0uqFWo),32600,1380326,34,2018-08-14,2023-08-04 10:26am,$0 - $3
recv5YXgQ9vHqX36d,18,Vichou Love,_XpQIh4k2Ug7NLo7XnG_L_KyJYfkui1zuubDPnsF8AZWb1eb7zCRw4OjHTLgBlTYyM2b_XzqIRc=s88-c-k-c0x00ffffff-no-nd-rj (https://v5.airtableusercontent.com/v1/19/19/1691496000000/1GBRxXftxtWkS1UZOGLL5A/2tRQcJZ3LoYiFUrvcWaqoUzzrJ5R_nL8VWY0-6Qc7E5fJUJ5WVH5h4SbcK3e5as5GGrkhrQPSJi2s7ADAxhuOQJh5k8A9cBguK90DwEUiUUNArY2DUS6zM5F4O6jgPiJJPRy9dE8nMp04v0mctFsxx8-lXhrXhSEziiFZ9Xbjqlhb5Hc-gufRuPjZMjF1jJfAcNLxN81ju3NtU9rjInKzA/B11_H0wUHSKg1esH4-VvMk420--xNNtpY1hC23GtTr8),31800,1797814,68,2017-07-02,2023-08-04 10:26am,$0 - $3
recWhBLxb8ZIdFfph,19,LinoG Umvukuri,XDg-iAFnqqypvS4sAvyfzCUlyIJ0ov6mT4bhAyqpaGg_XWBT0g4Hvds4XxUh4w6lE5YryQKrVg=s88-c-k-c0x00ffffff-no-rj (https://v5.airtableusercontent.com/v1/19/19/1691496000000/VO_VeTJKgy6t9ABnZJRDUA/tsRDgywcBT31tvDDIS7hO2G9p-JD084rWvl0ecvJBv042jaxCEjdsHFbFFUDXKIIbUf_FvwSdoaOrbmHTRfKZENxIMF93QiD_DE1KBQGBHq0JoxeqHmclCl4bZ7Wni6KqnZT9I3KISI8jGqMjNqUgWIQ_AW9UigWWySbxoTh-RiMOWWY6XPpXDC_tzgeFzkO0eyyGAs0iThFzRaO48ZmNA/HzmsYG9EWs6KBTipVbTDvz46bcpMpiaRv7ZVFpuQiZs),29500,1202397,10,2018-02-05,2023-08-04 10:26am,$0 - $2
recUYN4E1TRbscXKE,20,El Pro Burundi,AOPolaSZ6aX5jDZL7UQBoyaSQ0qLTffX3C75OHUttmgU=s88-c-k-c0x00ffffff-no-rj (https://v5.airtableusercontent.com/v1/19/19/1691496000000/R9NEtnRWjR_p0L41K3vSKA/7xRqX6fhzXTBqi8rM7xxFIrQQ_chOUalRNucrDZC4kYQUu6Uus9uNYBxcPdf18yuLWt30XwKYMV3aYXLKIA7r95lFQI-NB1UdnABk-bbIqCR3T1nbV1XtbgMcqow3QaXQfTDshS-6hvRaeakpk9aEdS1ZOL5Go0j5Y124RdvlSs/fj9VbIZIDPCIvM7IpVedxAg3XqDC6CqQv37MbdbFPlg),29000,940896,18,2015-11-03,2023-08-04 10:26am,$0 - $1
recJpWBmLT7Q2AU50,21,Berry Music,wHwcWIow-LEznGCPthBFpe_0YzAYvNsy86hQoHrp72X4g8IocUcwB4wM8p4-9-kae_Fa3c0f=s88-c-k-c0x00ffffff-no-rj (https://v5.airtableusercontent.com/v1/19/19/1691496000000/0KwXATC3yYWgD3cpZn727w/x6cZtyGbfMlS2uGD6dmpoQoIT0EZzkhCFrJmJA5ts_-7dnV-Snzt4UGnR6lNM8kP0dIfhbRRzNH7UT_vHjvrNUvNZ_29U-o2FLrl8K98ScOWQ9KwU2T4cnY9zcme2h1fzIKq-Q789Kmk-d0xeUpQgRpBLSDw-Xd_5uCh9FmvJdWpYct1TPY4L_KGLPJh_7A_aJrG3I5xw27z5aqKOm64Zg/U-eVRpHcTvnXcwWU_unSAHFnGnkfpboAc5woie0sfGc),28700,1431982,7,2020-06-20,2023-08-04 10:26am,$0 - $5
rectqfkQwEerhD7Jo,22,Masterland,GnhIQQrIlNhv2KRyJ0QCPcXhl5F4ErrA8St4ikdduZ5F0K1Al3CwUxie0cf3pKpJ8FZUQ8rqQeM=s88-c-k-c0x00ffffff-no-rj (https://v5.airtableusercontent.com/v1/19/19/1691496000000/v9yLT3p4yC1Rveas7okRkQ/xvzdO7PscANfay8t1o_Tpw7uVyEqbpaK4_b97BD6E2CVLJvDGe_Vo0KcgeyQPJoZ2Ga1Ew0j2K-i9qurlfzJwct4xDEy6ORTdh9avyiKSMrh4-G5KYp6Fuv3mZVwjKGEgO19RH3K7eu4jrsdprMqRqCGTzxZEDw_veOwwAI1dqnZA1UQEC-Koh6TeWsgsOQWVn8iXwlW9xDsg0Ho_oFokw/rAIg-WRW5-81WP4te7pIpsWmnXzqVTK7JYnB8byEdzw),27700,1443384,62,2013-07-17,2023-08-04 10:26am,$0 - $2
recxmt5wE73pFmguL,23,Theecember,4GeiYFHhw7T1IpmUUciV3LlBDaTx6NenwtMoNn4os2QoOXVzGC8pbIJkOlXiTV9ysCHgQez7IA=s88-c-k-c0x00ffffff-no-rj (https://v5.airtableusercontent.com/v1/19/19/1691496000000/8Jic0bfqeFLlQGIMuDlgQw/0hcWWT5m5GNbEoUtpUHBxaMXXxKNhfS67mSVoRfeuh3JqIGHCxkNuuBRBQXHIqCoyj19FSHjKOL3_mzDf_rnAaVCcaW43wA6i2mk9hz0ppT_otZftQOFBM7TdLAII-Wv24UEE030gQZ_VogolqHdL9VAGaafcjdpBhRMNR5llVRdM9ty5BqKbfwZcBh7O6K2cq4YFcWuogXfMJx37xcHYg/4F2EEFkzMShkA7lU-Y4wzXvvgZuTUlsFuAjt-c2dX4I),25800,1602982,16,2018-08-03,2023-08-04 10:26am,$0 - $4
recWh1orBBEshSZVd,24,Meili Official,Uf_uO2AsXre8FTE1PobuHdhX31t-qtY7Qipwn6alILYwGVte7j508y_iq9ZQJqHcb3pnXYvK=s88-c-k-c0x00ffffff-no-nd-rj (https://v5.airtableusercontent.com/v1/19/19/1691496000000/_jv-SSpk8exM6jSZ7W3btA/N3dzbhXCjvOLAst0HnjgKMSC4-vA39HHZwjRivPwuilE9AdIeftEdLkI_Qi4gVDxLV396IrOyY5sTuEw2-1QMHZv1G-RQmoi-4xEwzK-XAsN-TSHuvYIQSjP1VpEaCh1CtBA2HqY6TEyZMGkwCXCgueBEEGx_WUwyTY8NRsyMdTzan518l3NTGpPXTCkMeV6JH7-HQuw5iXim_c3_OnE3g/1S7QWqwokqnIKCQ-e2S4G8vHzhYahopDwmDQL-_hGjw),24200,955161,12,2015-08-11,2023-08-04 10:26am,$0 - $1
rec6yBR02aVBxfMXQ,25,Yoya Jamal,6670ZD2-S4hg8HKiBk4iz7C9lUpBGXa_DnbkAQnXWAAe6Pvbfg8YWGfrQzflPr3ggxLaBCawSwg=s88-c-k-c0x00ffffff-no-nd-rj (https://v5.airtableusercontent.com/v1/19/19/1691496000000/tFO8CkV6J_81KKAF-TaQcQ/kwM9wmzEmzpiCivtLlfLbjAX2Yko7hWenS3k2dlDbH_HvbzuQwBTSMFkG-Dre0xiIUzOGB5Fk3WsbXRXTlSSO8HJgVNJlZpV74A22MvJbh3yCSEEBMseQ4iLvBZilgfkflASuP_a6Z3jf-jNOlu304KESAtPgO_SrTpnJU12yed0M1pgIlZ0PMKc4UUxt7dH1NZsxiG5q89SlNhPW9nIeQ/5eitj21MiGz7UW06oJmhYwoezVP6t0tFr7ph_PupHHQ),22400,1271111,10,2016-06-02,2023-08-04 10:26am,$0 - $2
recIpAz6EhUX42Ceq,26,Vania Ice,UpUbJCQNsBTc8oO1nToCpugQ01-E3atLtwGImX7jJsY2jN0jJslMEoCZsS4ozosMS0-hLFIuvg=s88-c-k-c0x00ffffff-no-nd-rj (https://v5.airtableusercontent.com/v1/19/19/1691496000000/dgIfEv2vfhrmlsFVg1e3Vw/mujFYnoWHHi00cucT3_OAFhIoh2n2NH1E-M3sHOln3n2nSZskbtROZFmt_6cbSuYAQFvrC6stjK3pRQuqYf1a9gKc58yxythKQNjvFDtKHB8KHTpGsJYc3CDCzeAqaUVzHHSjHXmGf2JuLg85wj2iBxfiQ642tqFJAHjGI6nMoOTDLTTPKrvFGVgJwbkYeLpby4TMUlnr-3EBjaLmBQexA/ZV7dSas8L1hWS0OUbAljyzAw8LwLNzKhJqFWP38O4IQ),15000,502132,8,2018-12-01,2023-08-04 10:26am,$0 - $1
recto68lPN6N7DhUy,27,Monia Fleur,jX2xP7zYqFTglQdTNkI3NdkLJ0bm2PC_CaFQ3v5zpd6-oMvvQyfJO954o6wICz6o_0FH813njA=s88-c-k-c0x00ffffff-no-rj (https://v5.airtableusercontent.com/v1/19/19/1691496000000/Ayu5NKkN473TjAr4uNjyLg/X8QXcELwPkxATAdKu0TrFMm8zV0OTA1gESNhsorObrqz2bG19SKYwfFtLacvqH1bojWidTLuU4suzAw6he-uqAvRvXGDW-DVA2J789wdYn73CyySk5yhyM7n_SRxDZN1KczDANPXB1PV7OGMys2oxPSUO0HXcXb7ZVngW5krygTZ_yo0RnzFylxJwaLxMXpbtj9mVJlQ6subsX4wrVfL4Q/TzD8Ttv9pR3uIknQss9-OX1WCIyxO5W6FbHyfdDBwp0),14800,617082,4,2022-08-26,2023-08-04 10:26am,$0 - $7
reci1vqDzBvtfzPcm,28,Miss Erica,g69PUpghy7_tBUK4WP57IoOfMabR4XWW-wiLZpkmdl8o1TzZnFnr9pAUQAbh33ZmGecGjghKZ_M=s88-c-k-c0x00ffffff-no-rj (https://v5.airtableusercontent.com/v1/19/19/1691496000000/tbrn0xz8mp9QJ8E4AIDS0w/35HCqL0tSf6hlT_qVDtjJL7-ijcxmGlUPpDcRhUlAc7tTSSLHoiLcehEN6J392dBzn71b35dFvTrHnZeg6Y91_Pky2t923MZtuhBxBS1j2mNA8PX95p0e8l156Ke_rk0ja3vmQ5Inopo08CFjw4sqifWk1vN8n_Xx_Bg7bh0rRX7vydqjQnaa_pts6w6aUZfckrgMckojnOV1vZoMtzcEg/bByvBLPWIh6RFPTAD90eHbeL7hgpmyUXIesmq6X30NQ),12700,423592,7,2018-10-19,2023-08-04 10:26am,$0 - $1
rechw7vgEAk9XHNqF,29,RACK,1caf1Hl4j-AcGUAGsHnO1FgxHA2n1uF1QKW9UKcAKgzGMDkXLmSZI9AcBlTXhuggT7W2rvwU=s88-c-k-c0x00ffffff-no-rj (https://v5.airtableusercontent.com/v1/19/19/1691496000000/1_iQDCYXfYKsPV0Mf1Z9tA/mXNV1BmKGPHYuAy0XunTPr7RTkFwyNxpX2bGcaHN8vuw5crpn4AaY7g7o6m8cldLlr8SE59iAp1uUh1sNAFk-braHbhiHsx_1SjdVOVuHs-8ZVkeBYMCbhNwQ-YZH-2VUPTeIpyXsaTDDL7NpVynFCDvuc-nj08vIBW5UvKnc33heoNqTYRawHeiVSIPKWBWb68rRDTEHpR0s9E0lEp0yA/DHCeG_ZHvpbbnmYA-U6-hHkgRDYE6ez2zhyrQj00ecY),10000,401388,7,2018-01-30,2023-08-04 10:26am,$0 - $1
rec5UNund9HY21j4c,1,Sat-B,cK8VmGVSsDxab8Kf6oFd9YxCtiNHgr612NqqQzxuAtHcBZSCIHTcAdToyNAjC-UJTgZpVkiVMA=s88-c-k-c0x00ffffff-no-nd-rj (https://v5.airtableusercontent.com/v1/19/19/1691496000000/0CWI5zb8mQ8EK64ltPvTQg/_Ao86tEQnLxmvYVGnWsS4WM9IlpxaaSn4FKq4lqj3UADfHVgW9DrvnHjb8kn6FtRMIOrllzn8LxQ6VUp6_lEzCzEhc1fWq0lGpfTlbSkz0iBW8-9x3mRyAjZ5x6VF0M7TaCQp9ckJzWwILlEEZYj5Z79UqS-R-VaWamdEzkizynsZRLhJCWj-yoAuX8mmFpV0lL9oyWUGkXaaXbqOkGYMQ/z13OVBYTqFqlP0846G803mXlFBmHqL7NgcQL29QbWcs),215000,18925712,112,2014-09-24,2023-08-05 1:21am,$1 - $23
recYeVyjSvH7MZEno,2,Big Fizzo Official,TOvNpl0id1EG5kwqnifqVdMJL57s5gWfVVafm5a9y4MfRYpDZ8p_6MOoRPXmjQk3uY1ur2lk=s88-c-k-c0x00ffffff-no-nd-rj (https://v5.airtableusercontent.com/v1/19/19/1691496000000/-_d-nmfayI6eihdZ3gxgNw/HmnwtLlfHRl20A-Ml2G7y_FgCkEnIZ6jwHKAtGc_6x4LvtJLUPjRVxD4gl0e6Fq4bt-N_TAjuZmViVijOQPwCwgd8MzuITE0xss_oUckjj8NPgh1pe6W1XoGgTiMDfm3g2AcGjMGFlI1dtNHpZO7ED1TbktuXd-nJxAA-FJeSWpE62hAO2rB0djgaDK1Pp6qAzpHqejyve5cHjfACRQfSA/ol-eJUZMSvlGOxo-sTlUODICq4A5T7jSdTO9UpOSsiI),130000,7232249,95,2016-04-08,2023-08-05 1:21am,$1 - $11
rec0VG8nVdXN0RSSr,3,Kidum Kibido,kpSZcSzV8oRD7dllWslUJSQ_ij77NuVxSBRwjhJGEaW8Zdc-AVZemqQlHCDlRQHduXhjmsWS=s88-c-k-c0x00ffffff-no-nd-rj (https://v5.airtableusercontent.com/v1/19/19/1691496000000/1B7ovvSKNn71RtRNK6V7pQ/LxEZQi5_W8SSPWIY200E67TSav-JtQcPtyYeSmt4PoaUYQjCpnJbWijyE9EaeV1pbaeyLIhecVitGXmXUcxu10665DKwd4dVT9fDQ3_yBrXteAgK_N3SQb-_afTMifB6HyllvR2AcFx4xx71wFuEazG7ekpUqF1dHzHLU03AWXPLxMeXgl6cr4GwpEUT5ydos6B2k1re2zZ3rkJ6BtY1SQ/je4J7L7tjJcqDHgoNNCkKtKpCdqzyft2DGXIPG0hBG8),116000,16825370,151,2015-04-17,2023-08-05 1:21am,$1 - $22
recOwa9x48htUcIvD,4,Drama T,R89mDdfSR9xrK671hGHgMETPGhAolcHVJWED_JL3a7hVTXAELXVwyOchebU4IPHZnKr7tvzE=s88-c-k-c0x00ffffff-no-nd-rj (https://v5.airtableusercontent.com/v1/19/19/1691496000000/wxYYUaVyueowjpNwjuQDPg/SzGo8tzE7m9QPuxHc4AYPgV28h0MwkexPG5U6p_uwMqdCe63idc1Yk1-mfjlAaY3bnbs-i2vX4mKWyXbwIU9sxO9cmF6joOdbC0pg-XCocpDSMVkQjNwmunNn8EkD-UulR1wYd5KfknOERlkDWPJmzfDni6_63epduZT2QVDFCMadVT-L5Uq8dLSvTbN33wOOz3Lt2xRVTNn3OazPWj0UA/SuUrd70dy9WBBYey_0TWd-P3m5XVpUKIn0fF4wAEbwQ),114000,8788189,7,2015-10-04,2023-08-05 1:21am,$1 - $12
recB5Uge10beQ2PTW,5,Kirikou A-kili,JlVE9ndiIQ9slIbZPdTpGiW5sD6TMwH2bGjHZl6X8LHTmCuglL11pBgAYxJJmked7gDzNjw1ng=s88-c-k-c0x00ffffff-no-nd-rj (https://v5.airtableusercontent.com/v1/19/19/1691496000000/7nZk8dWpAXIK3ZaUurS9XA/1f2ZrKT7oWB0CD1LlRJBe5XUUhOhxttsJBE03YQLiyqSSJib0ZzPSnkn50bdPw_ku6ho1hNttxHWmkQzi-hROUZ93fyb6AdWXArRN-8qP1ijYTThQ4x9ooubGDG05liJghgn4Fr5momVQBeyh8AqlSm2iMMcCQV2KoQ9ZgMzTxFTO7-3cGA9lAMoI64DmsXP1kI0GfqQ9uQtS3oqKz5lig/Ex1TopDCBipVMcHCVBasGmxMEbUeqQTXKRLkK0le6fM),111000,5266607,14,2018-07-11,2023-08-05 1:21am,$1 - $11
recDL10J99xFUEkw0,6,Double Jay OnceAgain,YjsHOzqy-UyGJX4LErMsJTEzqg0smKCcu5ODa7ybMJbzURNxlLmAe4AbnCd0086Gh_pVQ_0YJg=s88-c-k-c0x00ffffff-no-nd-rj (https://v5.airtableusercontent.com/v1/19/19/1691496000000/Ene0Qhg29PWNYOlCpfx1Zg/0_CfM8fWBcRX5nIiRhnKs3YHoMSDFloXQtMouR9WAyYlGwI6G_MyIaDThHRMLL46XwilrrGKu2TZPYpSRohPqbRW95zHlvnkLBFRuPVfDLONEu7E3L748iBnjgKAcX7Hrd4K9qnuTSpRKulEZkdDJrm9MtfWvTmXOG6tPDxULrHfzrw9bgHr80HVcgeZmbXQFIPI59yEx2Db8I4eAU8tpQ/CZdLlDPsiDA4uMBmcIA51AMlb_cnn0EmOb64rJnZ4Fo),105000,7036682,17,2018-01-11,2023-08-05 1:21am,$1 - $14
recpznK8kNsDC3N6V,7,B-Face Official,AOPolaROZVRthZtiKt1_c70KNEdinpiZoRjPvWjjsGtLUg=s88-c-k-c0x00ffffff-no-rj-mo (https://v5.airtableusercontent.com/v1/19/19/1691496000000/DnXPvB5ATa_BN1pOgbclUQ/4M3froP1UkQx6NXVJZAqTQF2e6KOqd3q-3-AWPniaI5mgaa1oPUuHUIKSnvGQ5eEbFTKXmZosfRayTmbPMG3RgRkFDsncymNZcIUL6l05AoWHsg-_yVoQMOp9EBuDe_QVxLnTaF-r3hfs65QSfd7aaReMviIXdIM6tItJXPWbcQq7Cfl2Ww77es6ja0NLwC5/7RVP-8U6VyCyr-6KF98ZIZuXxMoSLEOnMbJ-0s4ZQY0),95900,5545107,182,2016-09-19,2023-08-05 1:21am,$1 - $9
recS9jpglUtrWyHz7,8,Alvin Smith Official,sm9w3Z4sCb65aTB4rCp0o1nS9U0RrQBQKNOVYfU9af56pehWPesVQG3nVRtRK5DXJTyq9BVnyQ=s88-c-k-c0x00ffffff-no-rj (https://v5.airtableusercontent.com/v1/19/19/1691496000000/qZta70J2VYvz9sAczhRiwQ/TM-6c-4XpFhXHB1jthdX8ZNZCnXdW2ysnpU04CbAi1yPN5a-K6V2j6_0aRuZerEX78hEoT2io5gIrLKtvEcC_4h5133nPUMDwYa2HxyrhKNAHe2HtPOHcd99ZsyWUHIuJwUdXcJT_xlkbj6H-17tsULWleHPnWDfebd3nBT6QtOWq4pU30cTpsRNZjUSTbXqmBGFUgu9kJWME5rTmHzkjA/u8CUa7jLgIRm_5eAL0s4hWjbiUu0IIGOox6EOKJLlYQ),86500,5899643,200,2013-04-26,2023-08-05 1:21am,$0 - $6
rec5Hh9JcjR3xOgCv,9,D-ONE,GtR-XjaCXAd2JhaWOqGnO3pZeb7-puP0vgjhfyR7sHHEsX8pYzP8f4qp5kMVPqL-RTXTyY31Pw=s88-c-k-c0x00ffffff-no-nd-rj (https://v5.airtableusercontent.com/v1/19/19/1691496000000/NpaLv1HLthpTG5vGAn0pyg/QKVmiqdfSJzIc38HNwV7cDDlFdjT0S_xJBjVaqmcSD711-N69d3njWuUbfhgumAgvySPVkFDQ-l6hkV6pA0zR4E_uotBZlHqnhY6f_4fa6Qt1EO3MX5GB3-1K_tGP4wQy7j3V7fZC8wZw8S-uDa3lA8i4HtMTxZ8vFRTiJPf87bpY7gyCVbcWlgMwsgOQSpod7KhkcOkS1fqXuPnriTGAg/FzUaiZXtc2NI5Qn-DL5WCcZQKqq9bnOO31gLDPCSbfQ),86400,6158906,23,2021-04-16,2023-08-05 1:21am,$2 - $29
recl6buNWF7bdn8WB,10,Natacha Burundi,AOPolaT2JoB0LTqJ9n_7c5nqelNSrCvAHvcj8kIFIqiDcg=s88-c-k-c0x00ffffff-no-rj-mo (https://v5.airtableusercontent.com/v1/19/19/1691496000000/Ws01FXwfvW-rQIGI7Z2xEw/2JDYI_xYJYGDHIPifQPAx0VaRGq0SBje-3TkZlsJkOrCHxca7SV__s0ozSMi5FMwACC1rh_A9vrrtpMDQIHqhxqhXLTs5nhRs1aC6KcnhLhrrUvQq1WaIQqDcStOdmCurs_5K5k0F6bq4L2CoeEljFZHky-Yr-NluJt-MZSgZ8yThHIL3944QjqH0uFZVU-z/S8tLzPHJgzR6cYdqIfTfTtu_EZqMnrVNKeboSODLIDY),63600,5487847,93,2015-04-22,2023-08-05 1:21am,$0 - $7
recnta3hVrZDzoLfM,11,Ado Josan,AOPolaQZbBjQ7jP_bmQHYL1uaMNQFIHAtPT-MfUz0OqLOw=s88-c-k-c0x00ffffff-no-rj (https://v5.airtableusercontent.com/v1/19/19/1691496000000/Ui75V29pHY65ANmKXyw4YA/PQTX5IsCOovayywaimhoTRFO2fPsYB5lY8bZnu5dJL5xidTOtC3SAc2XUYtZyuN7A0J-6ti45osn91ByIp4x3yFGCrA6bRGK1rA8DfAvL6gph3EU-olJ765G80MlZ99_iuwe5bmVBkJHC0by1XL6HMxqD0tRl9qRymjKBi1WTt8/QpOyCDJghbFNapfYDVWnOVIFY2pcyzJFZa4gglFpSyA),58300,5137035,21,2014-02-15,2023-08-05 1:21am,$0 - $6
recm3kDJSe39n9Koh,12,MB DATA Boy,AOPolaRZ-EC3n_iWKy5tyDCDfC7ynYx_uGv7UK8ojCEO=s88-c-k-c0x00ffffff-no-rj (https://v5.airtableusercontent.com/v1/19/19/1691496000000/RjPheNSoL5vpuTbKVs5vvQ/8hSfgspCM8I1BB-FpZGPSJimWumwxwTGh0G68WBndvlBoiBKQJbAsXUZrsEFfuhkOZxz_HF8wE0QuVHgQT3DPY5pb_g4Co5f5-NHOnlh_01iOjW1wkLQpoJ3bvK3yXdnW44CALPviFq6IxE5QX_gLCeA0JwwzVzP299nIQBkIks/bh5MeIdIVHve2mPdXG7rK0JybMcfaSTx347thRRTZ0Y),50600,2783486,26,2020-06-02,2023-08-05 1:21am,$1 - $10
reciackbzMxUQaO0o,13,Trey Zo & Rappy Boy,H-5kSLGvQjgVnpA89dWAYhSw_IBsqP2AJ53DUCdJVLlaXcSvaXpQvdQxMFhyfSkzb7AU9DwtxA=s88-c-k-c0x00ffffff-no-nd-rj (https://v5.airtableusercontent.com/v1/19/19/1691496000000/lsRMYyCL_dr32UTOuWknkw/vM5WoU7xofbXINbaIvUAqW5JpOBQKlxifLRn7MGYPifmQNdnODcXc8iZzgraqL-3-Q0KhTR874P12C7qPvz7TX5mlUQgRfMuA8OeuwHsA3jgrtEnTNcJaX2fpXdwczZnSJDiYlRinvZsPXpdvNy223MuVqHH9-6J2eDuWJrTO14ypXidqIT5MNWp6xwY7uYqsXuvS4bXsd9wYAogEk3Eyg/z0PNaT4X81ekFure22iOzkJx87JLgMza9IPSmepYEaI),46600,3331579,21,2016-02-19,2023-08-05 1:21am,$0 - $5
recZcN5CMOM1TKtEa,14,Mista champagne,dQh0ts78pMRp8ZU7yoDJ7m8_zEfwzYtkU4sRHDdWqPJFhqLKySM3JbN90tXBhdoRqGj7qH1k=s88-c-k-c0x00ffffff-no-nd-rj (https://v5.airtableusercontent.com/v1/19/19/1691496000000/nMSaYaVRkG0NOq46mqqOyA/-udgZBgv6rsJgns61vLX_mr9Hhzkv4fRHZcGYU_9YuqOubadAcz7kAfb-CMde_JNV7Gj2KeMpnhvXmtfZNh-kKUqQOvUPdVXvyCRejJk1S3Z-t5YxqNxdzdk87xcud94m6n5O0ZpR-k_9nfuwBsdlBKfxRc2Cp_6Nksvn_nZB3JCk7QnxSMYUF2xS5P1jy2eMEntvzxoeRzwTbev7w5Pog/Ud6j4QhRPdGqyHAdYCqlPVnyHEXLXyNNu97UfHZXBbk),41500,1909308,208,2019-04-25,2023-08-05 1:21am,$0 - $5
rec4IWl2edbKlu5MV,15,R-Flow The Raincoat ,EbFhmrL2AsOSMMX3ksJvtTAz_dskNvNTBTQweFG6dWRUl-B1MJpeTuJhxD3yYl8e_p9_Tp1j=s88-c-k-c0x00ffffff-no-nd-rj (https://v5.airtableusercontent.com/v1/19/19/1691496000000/QDj3SUviFdf7NufmINuWgw/NNn8y6Ux9mh_pZb4zfKtVpEA9Zu5pDV1TTy2rkmYzH3rK75ltnS1vQZ5ogP4K1ZNnOa0Fn9jOYqGPPWPSy19stnx2oDI6qWd_uLv0wznTS52QiKsS27DdoF0TixTav1cSlx2VPpds0rtqvAfRrhiMePDIgQ48ZooI2osfdtEN4T2k6IrBaespkisEPSEZTci2-YjqvtaIZO3uaptJgr0sA/cUUyJaCfOoPWWzTPb12YV4XKdqLsuuy_O-EUm91HZeE),40000,1696317,19,2019-03-21,2023-08-05 1:21am,$0 - $4
recjV2QuJPQFnilBR,16,Mo'W Kanzie Official,AOPolaQeS_IZymjiwfO-Tk1I1PS33sZMT4MwSSkB9JDG5Q=s88-c-k-c0x00ffffff-no-rj-mo (https://v5.airtableusercontent.com/v1/19/19/1691496000000/qFhPTNvZ-KV9ml22J6cFHQ/fJy0U2IFlKRu9cwDyYdF4_DeQjHEGzyIgZp_tpmc8tRH5xlA1XudEXnX5eW7frist4MCxiR7vtCm5HO5kBmNgucGpf0xN69U5xrgI-88Haj26r1eejePg7bvzFomlBSVy2xZX2emlA-9-ZhjF8iN8QAq6RQsquAAjTQK4XqDluBfO8x4C920ax-XiKwz3DLD/DVjsKtEvr5dvLGKJcuKo-7iS9kS9dRtblQIAhY7FI7M),36600,1712151,57,2014-07-27,2023-08-05 1:21am,$0 - $2
rec5OZKNlDhbtsGsJ,17,Esther Nish Official,5KT48SH_f1wD_g6LR8lu1euZoZISibXu2aInWAohOy-oGCA5aqImhw5gRs9nIYdr_kCsz3qwqQ=s88-c-k-c0x00ffffff-no-rj (https://v5.airtableusercontent.com/v1/19/19/1691496000000/_npBPCKmU1It5K7Odz-MpA/tgyyKmZDRyY5bz0SYzUxpMzAyEBlSkio-oPUbng9onTHdOyn-YWlQhRvKS33VR0GqDn4NoerZovqu06RRM50h2_Vh1KdbaRh9tLDy_PaD-_VZaOUOVHLIqTfg3dlEebu8MsIhUwNQjLslAqHcz4QZCftaIqPHZeIw5cneAnzhyvMwNjwl60NuswHudDQYCPOIO7pd5WlQqN7d4ezUvTZLA/wnTN8B4SfGrBgzN8Be69_XSaiYfV3RAY_0CrVM-31BA),32600,1380326,34,2018-08-14,2023-08-05 1:21am,$0 - $3
recXgYYUg3ZmVcuom,18,Vichou Love,_XpQIh4k2Ug7NLo7XnG_L_KyJYfkui1zuubDPnsF8AZWb1eb7zCRw4OjHTLgBlTYyM2b_XzqIRc=s88-c-k-c0x00ffffff-no-nd-rj (https://v5.airtableusercontent.com/v1/19/19/1691496000000/v4nKg2yncKqkJAbFpObfcA/ItykswO8Yob0yVhsJ2uGHhS8Hauus16sxLqIbiGNx42ILzIiUbP0YlS-g7esNOBE0FM-BzqhgXpMSzUxbkKgh8vPYjTWehtI5vW5GKTtBUDzw8FSMhcEdTy1fjfQLGmUMpabrs0IS7dDiCcExF_lcwsOFMAHX_f8rP2t5XKYYwkJ78An167codmWYQ1b9femMi3OimfHl07JBi3p8ltEJA/pVh13j7aDvy_1O6B_H30ZnoM_iUB5dbBsaM4-ejmgjk),31800,1799942,68,2017-07-02,2023-08-05 1:21am,$0 - $3
recod3YB3IxBc3yRg,19,LinoG Umvukuri,XDg-iAFnqqypvS4sAvyfzCUlyIJ0ov6mT4bhAyqpaGg_XWBT0g4Hvds4XxUh4w6lE5YryQKrVg=s88-c-k-c0x00ffffff-no-rj (https://v5.airtableusercontent.com/v1/19/19/1691496000000/BAeSZg1shxYJekYswcF_Og/wTyEnO1i2fAVPF-fyAGKIcuIIGCY6USrFOnymBjW2C0nLbYsIgqePYQ0vqqQNKHCS0KYI0Unoc56tv06F0ynqKPMXnHZZDA8nGMHBJPVHUzl_OKcAWEjIrpVNMp1FDcJKA1vW1iXqXqpBXWsVsEXpfZuJdVcDWhCMW-kKcNP9F9MTTuYGdyMTbg1EV2W8yzJPECD-q4ot8b98kqVZ6QVpg/8Axlcv6_Prqu81pDcEod7azUP3dejj4iA0JCWmIYnak),29500,1202397,10,2018-02-05,2023-08-05 1:21am,$0 - $2
rec6RgzFkxHw8P92k,20,El Pro Burundi,AOPolaSZ6aX5jDZL7UQBoyaSQ0qLTffX3C75OHUttmgU=s88-c-k-c0x00ffffff-no-rj (https://v5.airtableusercontent.com/v1/19/19/1691496000000/v4q6alKseWWILN4l46ViaQ/WgcKQFgZoHIvHnLmQLgKhCfNksiYWQqnKqnVTcE7TPl5Y-2ENYrDkCL4x0fJAwlRKAul1H5ZLY1VI7Sv557aJD-d-17kKK9cBp0UXf5ewjwVS0oXGoIAeHeF-siPAK34J2fu0urDk-zaPjxlPklaPYKA70ViQHYWjisnRxzKuI8/yK1J03MFAtxsuuEW20GEwdx7eYliYsijDcv8rdUztd4),29300,940896,18,2015-11-03,2023-08-05 1:21am,$0 - $1
recR77nbbSxVQFoBD,21,Berry Music,wHwcWIow-LEznGCPthBFpe_0YzAYvNsy86hQoHrp72X4g8IocUcwB4wM8p4-9-kae_Fa3c0f=s88-c-k-c0x00ffffff-no-rj (https://v5.airtableusercontent.com/v1/19/19/1691496000000/nRbiagm9gINYxGayrW1I-w/TWc5xW62HiKplUusgebHnfLnL2zfdMFkrTXMyMQneEzwfAIyQtEJsDBD8ZbRgRCZnMeYg4EsyRfHNR6CfuKVgME8e0gJYhyOqR6grpT0yxiVu9NgcmR1OghTnC9mL_mpmTEskcHHCH7JiH-deZtqGW1TIq9IimzWr0SIoUQAwH7fGwFtZyncdXR-m5FqXG-xTkpE8o_tQJm03UgXRzGDeA/VObxhEfp01nwGrFb97fke9zh89SY3S2teoPeICSZ2ls),28700,1431982,7,2020-06-20,2023-08-05 1:21am,$0 - $5
recYjLni0kzB0bsqN,22,Masterland,GnhIQQrIlNhv2KRyJ0QCPcXhl5F4ErrA8St4ikdduZ5F0K1Al3CwUxie0cf3pKpJ8FZUQ8rqQeM=s88-c-k-c0x00ffffff-no-rj (https://v5.airtableusercontent.com/v1/19/19/1691496000000/p_DHYcby5f3UPfuZ56fifw/GJRYgxwcd4HeiI3cweLcC9SbldsN3SydpgVPZSHqB9gBPnrNLIktjEyMaMQD9VQl3QZ8hKFnmW6jN5o_PixBMK6hnhCHDlN_ZcaQ0dTksSHGGMaHUK5URK1pO5acw5byMyiVpXBiusfJenmQtIJoY9C8-Xw_1sU0LvhfN_smUKpIzax8yCa8iewpYYB8ajO1JSDGms7nNPpov5zWWY_sNQ/OKvJ5EAQzyA4Ay39-u6Bh9Bl_loDql8WqUPYEj4-VWs),27700,1443384,62,2013-07-17,2023-08-05 1:21am,$0 - $2
recRqakyjwk3n6Aor,23,Theecember,4GeiYFHhw7T1IpmUUciV3LlBDaTx6NenwtMoNn4os2QoOXVzGC8pbIJkOlXiTV9ysCHgQez7IA=s88-c-k-c0x00ffffff-no-rj (https://v5.airtableusercontent.com/v1/19/19/1691496000000/CdLIzqzCv8fvyUqHlXOPLg/qa9G8LoScaUROxj-zpUXbXpuTDLoTw6BMZN6XH5VbgwWp5L9rx891W280QTia4XY6sH-_rlDW84gkY3BMgzwPDVsnw_SeMQ1lBI-7Ok9OyB1QQH3wDHeR6WpXSg6GnZvHKjycbQ6eDyVbrVnCShx9fuCmcKysbVP57xCl0hVJLQFupTHv_Jsu-OQJLF-zdK_ITNMgd56SN5zknx6kT1Zlg/duUx06WsjcLd8zBbg-ojaKSxj2ypu6RZzf3mXBjqFeM),25900,1602982,16,2018-08-03,2023-08-05 1:21am,$0 - $4
recdOyPUkMO1FZ2Pk,24,Meili Official,Uf_uO2AsXre8FTE1PobuHdhX31t-qtY7Qipwn6alILYwGVte7j508y_iq9ZQJqHcb3pnXYvK=s88-c-k-c0x00ffffff-no-nd-rj (https://v5.airtableusercontent.com/v1/19/19/1691496000000/aezLX8AfHxl0uubNIOYG_Q/npxMJTMaptR8UwMrnCBfFrV6ROUXHXPawvrWSpk86Ra9iH1JpMQ1ZgXRb8z7RaVlYLL5kkBA5gUJB45SBZ94t2mVgmBP_7HEkznfWPOl8UeSuyGGCnSt0MVnbfwOh2SNc9NGDsFvdIK8Y67rr3hFvuqUSXjE3fteDcvQ_YNZgXL8iZLbQXusUxohqgU8l-W4nAr4pVe14us4keRlF-Ib_g/klddTxDfGS_ZO9rHZqVS_8wSHqvk_oJydu_IWHLaLsk),24500,957755,12,2015-08-11,2023-08-05 1:21am,$0 - $1
recMmOj2SY1h62HBq,25,Yoya Jamal,6670ZD2-S4hg8HKiBk4iz7C9lUpBGXa_DnbkAQnXWAAe6Pvbfg8YWGfrQzflPr3ggxLaBCawSwg=s88-c-k-c0x00ffffff-no-nd-rj (https://v5.airtableusercontent.com/v1/19/19/1691496000000/LxxOi-xi5iBo0f5KzTGbYw/M85QGcMibiQinKBUo3G-TiKlOdI_6tlrk3MC3C1V4LLg9oS6n8k3zYpz6YTumGHNqxZqk1fXYhOaVmKY_bp3FjdZTl0xj3AgSMH8moUHhZDa0emqWAyIvndu-oMUctefUhB9byvy1HT0DsX4BDBK76MAkhbfJCovuUogX11y0bMZjW468x_Vt1MT75ZPPUbBCrIaormPPkl8pPJ9tdCoHQ/YPORp_2Uj8V4fvvymg6_AAf_4Iwt3J511vEIM360d_Y),22400,1271135,10,2016-06-02,2023-08-05 1:21am,$0 - $2
recnY11kxHB4empbg,26,Vania Ice,UpUbJCQNsBTc8oO1nToCpugQ01-E3atLtwGImX7jJsY2jN0jJslMEoCZsS4ozosMS0-hLFIuvg=s88-c-k-c0x00ffffff-no-nd-rj (https://v5.airtableusercontent.com/v1/19/19/1691496000000/4FVuUduTRPcY9g7IbpdJGQ/9B4UobpANzShDIrniJg5qnq0f4MNzFnHPbWm0HzJdyX6JpnbW2daCE38IER6byXFUcnPTW-y7V8g99gr95KtEjCvpWj6LLM2NKNvRQdeOZGYND6_t1Rz7qU-7gINGLM29yx_u763mXtOeKRKhzKxXGBqg18PU37jEl7TmMGezrzt3EMk_vFc-SBdn4boCSjc_mhO2ZQoyQ-a9gjcM8EcYw/fpsAZcdnW43Ad_NI0kiSUMxQiapBbo3qtXCmYHCDfnw),15000,502231,8,2018-12-01,2023-08-05 1:21am,$0 - $1
recX8OSIq0AN5z7za,27,Monia Fleur,jX2xP7zYqFTglQdTNkI3NdkLJ0bm2PC_CaFQ3v5zpd6-oMvvQyfJO954o6wICz6o_0FH813njA=s88-c-k-c0x00ffffff-no-rj (https://v5.airtableusercontent.com/v1/19/19/1691496000000/LsyqXMgCeRX2dXvcP4nyZg/yoaOdJ58j3SnTYU8Hwv8ItLj8RM3zwM-88R0oeJlem4gFiSFMnhxFHcp8ck0GEO7P8igoIevD1SGy5G7ItlvzQop1UaqL2eXeeo3MlkbK2VL9q3oGbSbCop60vKKR-xvRlsj7gYgY1Gu5g1RIbFYVU251JXgrrPCt96hpROCRIyM528r7NpzG7AmZk4e7TC2KvmL63iy0qc6cv5hA6RKwg/Uz84xbBpYKFEdtxsgLX7gie-8hbInqyDYud3MnI0v4Q),14900,617082,4,2022-08-26,2023-08-05 1:21am,$0 - $7
recUPdtYoAei5kv4f,28,Miss Erica,g69PUpghy7_tBUK4WP57IoOfMabR4XWW-wiLZpkmdl8o1TzZnFnr9pAUQAbh33ZmGecGjghKZ_M=s88-c-k-c0x00ffffff-no-rj (https://v5.airtableusercontent.com/v1/19/19/1691496000000/uDXzW4iK-29QWzKKPgEEkg/cMrKuI77R-k_qDd-nINLOuT8la_Wb7yGqj_ryTvRWWJMPfq6XY26LYabD4QXWU0jLf7Xbg3-_v24xvCNnVNuPhvnXR33JsisvwM-e1t0RxiQZNVEvt-kbGfqvZY59gygezOTtY-rPpqVp-p1AMsHGN-dzzYeeouSm3wRMgcjJTFvjSD9f8nxs4x55-YW3KxlHSwcO7JFwCPY2xFixjk5Tw/FWMwpQQxgnDqacydArcaM-MvBBqtHHA8pRzoWr0zZsw),12700,423592,7,2018-10-19,2023-08-05 1:21am,$0 - $1
recJdgHfRql11lqTz,29,RACK,1caf1Hl4j-AcGUAGsHnO1FgxHA2n1uF1QKW9UKcAKgzGMDkXLmSZI9AcBlTXhuggT7W2rvwU=s88-c-k-c0x00ffffff-no-rj (https://v5.airtableusercontent.com/v1/19/19/1691496000000/Cve4sNYeQB8LIjGnzx05ag/PAcWDybkptIS8E8S2EANb__YDnLiOQPTAkJN3ZR-6XJ2bcPsg5hqFWYIaRx7Z40grAWQa-GuQ3m2KR8V68k5bsMLC1NrGz4MwRU_IQrnNCM0i_BgAhPyZxSh7Rvr4dq9Kr4sf1nJJcXwOfFNAljMc0lCqn2bVpk7wSRkarZC7lB9BbFAdRIHpH69s6o3K7-5Qu4LXWImB8X7_4qgRlgc9w/BBARcFVEqif2vZBS2zTiTcRxdI2E4yNcen8S8LVcD7w),10000,401710,7,2018-01-30,2023-08-05 1:21am,$0 - $1
recSNbc5O3j1FKrIG,1,Sat-B,cK8VmGVSsDxab8Kf6oFd9YxCtiNHgr612NqqQzxuAtHcBZSCIHTcAdToyNAjC-UJTgZpVkiVMA=s88-c-k-c0x00ffffff-no-nd-rj (https://v5.airtableusercontent.com/v1/19/19/1691496000000/0CWI5zb8mQ8EK64ltPvTQg/_Ao86tEQnLxmvYVGnWsS4WM9IlpxaaSn4FKq4lqj3UADfHVgW9DrvnHjb8kn6FtRMIOrllzn8LxQ6VUp6_lEzCzEhc1fWq0lGpfTlbSkz0iBW8-9x3mRyAjZ5x6VF0M7TaCQp9ckJzWwILlEEZYj5Z79UqS-R-VaWamdEzkizynsZRLhJCWj-yoAuX8mmFpV0lL9oyWUGkXaaXbqOkGYMQ/z13OVBYTqFqlP0846G803mXlFBmHqL7NgcQL29QbWcs),215000,18936020,112,2014-09-24,2023-08-06 1:19am,$1 - $23
rec4AhJtoLlhaMPz4,2,Big Fizzo Official,TOvNpl0id1EG5kwqnifqVdMJL57s5gWfVVafm5a9y4MfRYpDZ8p_6MOoRPXmjQk3uY1ur2lk=s88-c-k-c0x00ffffff-no-nd-rj (https://v5.airtableusercontent.com/v1/19/19/1691496000000/-_d-nmfayI6eihdZ3gxgNw/HmnwtLlfHRl20A-Ml2G7y_FgCkEnIZ6jwHKAtGc_6x4LvtJLUPjRVxD4gl0e6Fq4bt-N_TAjuZmViVijOQPwCwgd8MzuITE0xss_oUckjj8NPgh1pe6W1XoGgTiMDfm3g2AcGjMGFlI1dtNHpZO7ED1TbktuXd-nJxAA-FJeSWpE62hAO2rB0djgaDK1Pp6qAzpHqejyve5cHjfACRQfSA/ol-eJUZMSvlGOxo-sTlUODICq4A5T7jSdTO9UpOSsiI),130000,7238606,95,2016-04-08,2023-08-06 1:19am,$1 - $11
rec83ZkKwzUdbIuEx,3,Kidum Kibido,kpSZcSzV8oRD7dllWslUJSQ_ij77NuVxSBRwjhJGEaW8Zdc-AVZemqQlHCDlRQHduXhjmsWS=s88-c-k-c0x00ffffff-no-nd-rj (https://v5.airtableusercontent.com/v1/19/19/1691496000000/1B7ovvSKNn71RtRNK6V7pQ/LxEZQi5_W8SSPWIY200E67TSav-JtQcPtyYeSmt4PoaUYQjCpnJbWijyE9EaeV1pbaeyLIhecVitGXmXUcxu10665DKwd4dVT9fDQ3_yBrXteAgK_N3SQb-_afTMifB6HyllvR2AcFx4xx71wFuEazG7ekpUqF1dHzHLU03AWXPLxMeXgl6cr4GwpEUT5ydos6B2k1re2zZ3rkJ6BtY1SQ/je4J7L7tjJcqDHgoNNCkKtKpCdqzyft2DGXIPG0hBG8),116000,16834095,151,2015-04-17,2023-08-06 1:19am,$1 - $22
recLLYbzsN6ZYBiV3,4,Drama T,R89mDdfSR9xrK671hGHgMETPGhAolcHVJWED_JL3a7hVTXAELXVwyOchebU4IPHZnKr7tvzE=s88-c-k-c0x00ffffff-no-nd-rj (https://v5.airtableusercontent.com/v1/19/19/1691496000000/wxYYUaVyueowjpNwjuQDPg/SzGo8tzE7m9QPuxHc4AYPgV28h0MwkexPG5U6p_uwMqdCe63idc1Yk1-mfjlAaY3bnbs-i2vX4mKWyXbwIU9sxO9cmF6joOdbC0pg-XCocpDSMVkQjNwmunNn8EkD-UulR1wYd5KfknOERlkDWPJmzfDni6_63epduZT2QVDFCMadVT-L5Uq8dLSvTbN33wOOz3Lt2xRVTNn3OazPWj0UA/SuUrd70dy9WBBYey_0TWd-P3m5XVpUKIn0fF4wAEbwQ),115000,8805612,7,2015-10-04,2023-08-06 1:19am,$1 - $12
rectnObfst4MK9sMA,5,Kirikou A-kili,JlVE9ndiIQ9slIbZPdTpGiW5sD6TMwH2bGjHZl6X8LHTmCuglL11pBgAYxJJmked7gDzNjw1ng=s88-c-k-c0x00ffffff-no-nd-rj (https://v5.airtableusercontent.com/v1/19/19/1691496000000/7nZk8dWpAXIK3ZaUurS9XA/1f2ZrKT7oWB0CD1LlRJBe5XUUhOhxttsJBE03YQLiyqSSJib0ZzPSnkn50bdPw_ku6ho1hNttxHWmkQzi-hROUZ93fyb6AdWXArRN-8qP1ijYTThQ4x9ooubGDG05liJghgn4Fr5momVQBeyh8AqlSm2iMMcCQV2KoQ9ZgMzTxFTO7-3cGA9lAMoI64DmsXP1kI0GfqQ9uQtS3oqKz5lig/Ex1TopDCBipVMcHCVBasGmxMEbUeqQTXKRLkK0le6fM),111000,5287174,14,2018-07-11,2023-08-06 1:19am,$1 - $11
rec18wzCJaWz9ReDk,6,Double Jay OnceAgain,YjsHOzqy-UyGJX4LErMsJTEzqg0smKCcu5ODa7ybMJbzURNxlLmAe4AbnCd0086Gh_pVQ_0YJg=s88-c-k-c0x00ffffff-no-nd-rj (https://v5.airtableusercontent.com/v1/19/19/1691496000000/Ene0Qhg29PWNYOlCpfx1Zg/0_CfM8fWBcRX5nIiRhnKs3YHoMSDFloXQtMouR9WAyYlGwI6G_MyIaDThHRMLL46XwilrrGKu2TZPYpSRohPqbRW95zHlvnkLBFRuPVfDLONEu7E3L748iBnjgKAcX7Hrd4K9qnuTSpRKulEZkdDJrm9MtfWvTmXOG6tPDxULrHfzrw9bgHr80HVcgeZmbXQFIPI59yEx2Db8I4eAU8tpQ/CZdLlDPsiDA4uMBmcIA51AMlb_cnn0EmOb64rJnZ4Fo),106000,7066260,18,2018-01-11,2023-08-06 1:19am,$1 - $14
rec75yEOP3h2HZyKh,7,B-Face Official,AOPolaROZVRthZtiKt1_c70KNEdinpiZoRjPvWjjsGtLUg=s88-c-k-c0x00ffffff-no-rj-mo (https://v5.airtableusercontent.com/v1/19/19/1691496000000/DnXPvB5ATa_BN1pOgbclUQ/4M3froP1UkQx6NXVJZAqTQF2e6KOqd3q-3-AWPniaI5mgaa1oPUuHUIKSnvGQ5eEbFTKXmZosfRayTmbPMG3RgRkFDsncymNZcIUL6l05AoWHsg-_yVoQMOp9EBuDe_QVxLnTaF-r3hfs65QSfd7aaReMviIXdIM6tItJXPWbcQq7Cfl2Ww77es6ja0NLwC5/7RVP-8U6VyCyr-6KF98ZIZuXxMoSLEOnMbJ-0s4ZQY0),96000,5548826,182,2016-09-19,2023-08-06 1:19am,$1 - $9
reccMSkNKu5Qd7g9o,8,D-ONE,GtR-XjaCXAd2JhaWOqGnO3pZeb7-puP0vgjhfyR7sHHEsX8pYzP8f4qp5kMVPqL-RTXTyY31Pw=s88-c-k-c0x00ffffff-no-nd-rj (https://v5.airtableusercontent.com/v1/19/19/1691496000000/NpaLv1HLthpTG5vGAn0pyg/QKVmiqdfSJzIc38HNwV7cDDlFdjT0S_xJBjVaqmcSD711-N69d3njWuUbfhgumAgvySPVkFDQ-l6hkV6pA0zR4E_uotBZlHqnhY6f_4fa6Qt1EO3MX5GB3-1K_tGP4wQy7j3V7fZC8wZw8S-uDa3lA8i4HtMTxZ8vFRTiJPf87bpY7gyCVbcWlgMwsgOQSpod7KhkcOkS1fqXuPnriTGAg/FzUaiZXtc2NI5Qn-DL5WCcZQKqq9bnOO31gLDPCSbfQ),86600,6174901,23,2021-04-16,2023-08-06 1:19am,$2 - $29
recSIGwJjy62m1ZfC,9,Alvin Smith Official,sm9w3Z4sCb65aTB4rCp0o1nS9U0RrQBQKNOVYfU9af56pehWPesVQG3nVRtRK5DXJTyq9BVnyQ=s88-c-k-c0x00ffffff-no-rj (https://v5.airtableusercontent.com/v1/19/19/1691496000000/qZta70J2VYvz9sAczhRiwQ/TM-6c-4XpFhXHB1jthdX8ZNZCnXdW2ysnpU04CbAi1yPN5a-K6V2j6_0aRuZerEX78hEoT2io5gIrLKtvEcC_4h5133nPUMDwYa2HxyrhKNAHe2HtPOHcd99ZsyWUHIuJwUdXcJT_xlkbj6H-17tsULWleHPnWDfebd3nBT6QtOWq4pU30cTpsRNZjUSTbXqmBGFUgu9kJWME5rTmHzkjA/u8CUa7jLgIRm_5eAL0s4hWjbiUu0IIGOox6EOKJLlYQ),86600,5907920,200,2013-04-26,2023-08-06 1:19am,$0 - $6
recm0eZ5ipWDZnvCi,10,Natacha Burundi,AOPolaT2JoB0LTqJ9n_7c5nqelNSrCvAHvcj8kIFIqiDcg=s88-c-k-c0x00ffffff-no-rj-mo (https://v5.airtableusercontent.com/v1/19/19/1691496000000/Ws01FXwfvW-rQIGI7Z2xEw/2JDYI_xYJYGDHIPifQPAx0VaRGq0SBje-3TkZlsJkOrCHxca7SV__s0ozSMi5FMwACC1rh_A9vrrtpMDQIHqhxqhXLTs5nhRs1aC6KcnhLhrrUvQq1WaIQqDcStOdmCurs_5K5k0F6bq4L2CoeEljFZHky-Yr-NluJt-MZSgZ8yThHIL3944QjqH0uFZVU-z/S8tLzPHJgzR6cYdqIfTfTtu_EZqMnrVNKeboSODLIDY),63600,5489618,93,2015-04-22,2023-08-06 1:19am,$0 - $7
recpr3E7OZyngUqTb,11,Ado Josan,AOPolaQZbBjQ7jP_bmQHYL1uaMNQFIHAtPT-MfUz0OqLOw=s88-c-k-c0x00ffffff-no-rj (https://v5.airtableusercontent.com/v1/19/19/1691496000000/Ui75V29pHY65ANmKXyw4YA/PQTX5IsCOovayywaimhoTRFO2fPsYB5lY8bZnu5dJL5xidTOtC3SAc2XUYtZyuN7A0J-6ti45osn91ByIp4x3yFGCrA6bRGK1rA8DfAvL6gph3EU-olJ765G80MlZ99_iuwe5bmVBkJHC0by1XL6HMxqD0tRl9qRymjKBi1WTt8/QpOyCDJghbFNapfYDVWnOVIFY2pcyzJFZa4gglFpSyA),58300,5138677,21,2014-02-15,2023-08-06 1:19am,$0 - $6
recldz9bl1RjcFmui,12,MB DATA Boy,AOPolaRZ-EC3n_iWKy5tyDCDfC7ynYx_uGv7UK8ojCEO=s88-c-k-c0x00ffffff-no-rj (https://v5.airtableusercontent.com/v1/19/19/1691496000000/RjPheNSoL5vpuTbKVs5vvQ/8hSfgspCM8I1BB-FpZGPSJimWumwxwTGh0G68WBndvlBoiBKQJbAsXUZrsEFfuhkOZxz_HF8wE0QuVHgQT3DPY5pb_g4Co5f5-NHOnlh_01iOjW1wkLQpoJ3bvK3yXdnW44CALPviFq6IxE5QX_gLCeA0JwwzVzP299nIQBkIks/bh5MeIdIVHve2mPdXG7rK0JybMcfaSTx347thRRTZ0Y),50600,2784673,26,2020-06-02,2023-08-06 1:19am,$1 - $10
recJ1ngDf31cXYBBW,13,Trey Zo & Rappy Boy,H-5kSLGvQjgVnpA89dWAYhSw_IBsqP2AJ53DUCdJVLlaXcSvaXpQvdQxMFhyfSkzb7AU9DwtxA=s88-c-k-c0x00ffffff-no-nd-rj (https://v5.airtableusercontent.com/v1/19/19/1691496000000/lsRMYyCL_dr32UTOuWknkw/vM5WoU7xofbXINbaIvUAqW5JpOBQKlxifLRn7MGYPifmQNdnODcXc8iZzgraqL-3-Q0KhTR874P12C7qPvz7TX5mlUQgRfMuA8OeuwHsA3jgrtEnTNcJaX2fpXdwczZnSJDiYlRinvZsPXpdvNy223MuVqHH9-6J2eDuWJrTO14ypXidqIT5MNWp6xwY7uYqsXuvS4bXsd9wYAogEk3Eyg/z0PNaT4X81ekFure22iOzkJx87JLgMza9IPSmepYEaI),46700,3336092,21,2016-02-19,2023-08-06 1:19am,$0 - $5
recb6c4RTNoqJzqQF,14,Mista champagne,dQh0ts78pMRp8ZU7yoDJ7m8_zEfwzYtkU4sRHDdWqPJFhqLKySM3JbN90tXBhdoRqGj7qH1k=s88-c-k-c0x00ffffff-no-nd-rj (https://v5.airtableusercontent.com/v1/19/19/1691496000000/nMSaYaVRkG0NOq46mqqOyA/-udgZBgv6rsJgns61vLX_mr9Hhzkv4fRHZcGYU_9YuqOubadAcz7kAfb-CMde_JNV7Gj2KeMpnhvXmtfZNh-kKUqQOvUPdVXvyCRejJk1S3Z-t5YxqNxdzdk87xcud94m6n5O0ZpR-k_9nfuwBsdlBKfxRc2Cp_6Nksvn_nZB3JCk7QnxSMYUF2xS5P1jy2eMEntvzxoeRzwTbev7w5Pog/Ud6j4QhRPdGqyHAdYCqlPVnyHEXLXyNNu97UfHZXBbk),41500,1911621,208,2019-04-25,2023-08-06 1:19am,$0 - $5
rec5UpfAMCEZETGrP,15,R-Flow The Raincoat ,EbFhmrL2AsOSMMX3ksJvtTAz_dskNvNTBTQweFG6dWRUl-B1MJpeTuJhxD3yYl8e_p9_Tp1j=s88-c-k-c0x00ffffff-no-nd-rj (https://v5.airtableusercontent.com/v1/19/19/1691496000000/QDj3SUviFdf7NufmINuWgw/NNn8y6Ux9mh_pZb4zfKtVpEA9Zu5pDV1TTy2rkmYzH3rK75ltnS1vQZ5ogP4K1ZNnOa0Fn9jOYqGPPWPSy19stnx2oDI6qWd_uLv0wznTS52QiKsS27DdoF0TixTav1cSlx2VPpds0rtqvAfRrhiMePDIgQ48ZooI2osfdtEN4T2k6IrBaespkisEPSEZTci2-YjqvtaIZO3uaptJgr0sA/cUUyJaCfOoPWWzTPb12YV4XKdqLsuuy_O-EUm91HZeE),40100,1698072,19,2019-03-21,2023-08-06 1:19am,$0 - $4
recIG9ZhlmkINXocx,16,Mo'W Kanzie Official,AOPolaQeS_IZymjiwfO-Tk1I1PS33sZMT4MwSSkB9JDG5Q=s88-c-k-c0x00ffffff-no-rj-mo (https://v5.airtableusercontent.com/v1/19/19/1691496000000/qFhPTNvZ-KV9ml22J6cFHQ/fJy0U2IFlKRu9cwDyYdF4_DeQjHEGzyIgZp_tpmc8tRH5xlA1XudEXnX5eW7frist4MCxiR7vtCm5HO5kBmNgucGpf0xN69U5xrgI-88Haj26r1eejePg7bvzFomlBSVy2xZX2emlA-9-ZhjF8iN8QAq6RQsquAAjTQK4XqDluBfO8x4C920ax-XiKwz3DLD/DVjsKtEvr5dvLGKJcuKo-7iS9kS9dRtblQIAhY7FI7M),36600,1712585,57,2014-07-27,2023-08-06 1:19am,$0 - $2
recIASn7jEUsuBjr9,17,Esther Nish Official,5KT48SH_f1wD_g6LR8lu1euZoZISibXu2aInWAohOy-oGCA5aqImhw5gRs9nIYdr_kCsz3qwqQ=s88-c-k-c0x00ffffff-no-rj (https://v5.airtableusercontent.com/v1/19/19/1691496000000/_npBPCKmU1It5K7Odz-MpA/tgyyKmZDRyY5bz0SYzUxpMzAyEBlSkio-oPUbng9onTHdOyn-YWlQhRvKS33VR0GqDn4NoerZovqu06RRM50h2_Vh1KdbaRh9tLDy_PaD-_VZaOUOVHLIqTfg3dlEebu8MsIhUwNQjLslAqHcz4QZCftaIqPHZeIw5cneAnzhyvMwNjwl60NuswHudDQYCPOIO7pd5WlQqN7d4ezUvTZLA/wnTN8B4SfGrBgzN8Be69_XSaiYfV3RAY_0CrVM-31BA),32600,1381005,34,2018-08-14,2023-08-06 1:19am,$0 - $3
rec2N0WBqj4PSeyXT,18,Vichou Love,_XpQIh4k2Ug7NLo7XnG_L_KyJYfkui1zuubDPnsF8AZWb1eb7zCRw4OjHTLgBlTYyM2b_XzqIRc=s88-c-k-c0x00ffffff-no-nd-rj (https://v5.airtableusercontent.com/v1/19/19/1691496000000/v4nKg2yncKqkJAbFpObfcA/ItykswO8Yob0yVhsJ2uGHhS8Hauus16sxLqIbiGNx42ILzIiUbP0YlS-g7esNOBE0FM-BzqhgXpMSzUxbkKgh8vPYjTWehtI5vW5GKTtBUDzw8FSMhcEdTy1fjfQLGmUMpabrs0IS7dDiCcExF_lcwsOFMAHX_f8rP2t5XKYYwkJ78An167codmWYQ1b9femMi3OimfHl07JBi3p8ltEJA/pVh13j7aDvy_1O6B_H30ZnoM_iUB5dbBsaM4-ejmgjk),31800,1802081,68,2017-07-02,2023-08-06 1:19am,$0 - $3
reccRcHCz66G4VbNG,19,LinoG Umvukuri,XDg-iAFnqqypvS4sAvyfzCUlyIJ0ov6mT4bhAyqpaGg_XWBT0g4Hvds4XxUh4w6lE5YryQKrVg=s88-c-k-c0x00ffffff-no-rj (https://v5.airtableusercontent.com/v1/19/19/1691496000000/BAeSZg1shxYJekYswcF_Og/wTyEnO1i2fAVPF-fyAGKIcuIIGCY6USrFOnymBjW2C0nLbYsIgqePYQ0vqqQNKHCS0KYI0Unoc56tv06F0ynqKPMXnHZZDA8nGMHBJPVHUzl_OKcAWEjIrpVNMp1FDcJKA1vW1iXqXqpBXWsVsEXpfZuJdVcDWhCMW-kKcNP9F9MTTuYGdyMTbg1EV2W8yzJPECD-q4ot8b98kqVZ6QVpg/8Axlcv6_Prqu81pDcEod7azUP3dejj4iA0JCWmIYnak),29600,1208689,10,2018-02-05,2023-08-06 1:19am,$0 - $2
recnGytthIYKJB3sZ,20,El Pro Burundi,AOPolaSZ6aX5jDZL7UQBoyaSQ0qLTffX3C75OHUttmgU=s88-c-k-c0x00ffffff-no-rj (https://v5.airtableusercontent.com/v1/19/19/1691496000000/v4q6alKseWWILN4l46ViaQ/WgcKQFgZoHIvHnLmQLgKhCfNksiYWQqnKqnVTcE7TPl5Y-2ENYrDkCL4x0fJAwlRKAul1H5ZLY1VI7Sv557aJD-d-17kKK9cBp0UXf5ewjwVS0oXGoIAeHeF-siPAK34J2fu0urDk-zaPjxlPklaPYKA70ViQHYWjisnRxzKuI8/yK1J03MFAtxsuuEW20GEwdx7eYliYsijDcv8rdUztd4),29600,952794,18,2015-11-03,2023-08-06 1:19am,$0 - $1
recBEUXqIboKekL7T,21,Berry Music,wHwcWIow-LEznGCPthBFpe_0YzAYvNsy86hQoHrp72X4g8IocUcwB4wM8p4-9-kae_Fa3c0f=s88-c-k-c0x00ffffff-no-rj (https://v5.airtableusercontent.com/v1/19/19/1691496000000/nRbiagm9gINYxGayrW1I-w/TWc5xW62HiKplUusgebHnfLnL2zfdMFkrTXMyMQneEzwfAIyQtEJsDBD8ZbRgRCZnMeYg4EsyRfHNR6CfuKVgME8e0gJYhyOqR6grpT0yxiVu9NgcmR1OghTnC9mL_mpmTEskcHHCH7JiH-deZtqGW1TIq9IimzWr0SIoUQAwH7fGwFtZyncdXR-m5FqXG-xTkpE8o_tQJm03UgXRzGDeA/VObxhEfp01nwGrFb97fke9zh89SY3S2teoPeICSZ2ls),28700,1432280,7,2020-06-20,2023-08-06 1:19am,$0 - $5
recAyZhFLT6m195lU,22,Masterland,GnhIQQrIlNhv2KRyJ0QCPcXhl5F4ErrA8St4ikdduZ5F0K1Al3CwUxie0cf3pKpJ8FZUQ8rqQeM=s88-c-k-c0x00ffffff-no-rj (https://v5.airtableusercontent.com/v1/19/19/1691496000000/p_DHYcby5f3UPfuZ56fifw/GJRYgxwcd4HeiI3cweLcC9SbldsN3SydpgVPZSHqB9gBPnrNLIktjEyMaMQD9VQl3QZ8hKFnmW6jN5o_PixBMK6hnhCHDlN_ZcaQ0dTksSHGGMaHUK5URK1pO5acw5byMyiVpXBiusfJenmQtIJoY9C8-Xw_1sU0LvhfN_smUKpIzax8yCa8iewpYYB8ajO1JSDGms7nNPpov5zWWY_sNQ/OKvJ5EAQzyA4Ay39-u6Bh9Bl_loDql8WqUPYEj4-VWs),27700,1443757,62,2013-07-17,2023-08-06 1:19am,$0 - $2
recebM1jUfYAXN6Xd,23,Theecember,4GeiYFHhw7T1IpmUUciV3LlBDaTx6NenwtMoNn4os2QoOXVzGC8pbIJkOlXiTV9ysCHgQez7IA=s88-c-k-c0x00ffffff-no-rj (https://v5.airtableusercontent.com/v1/19/19/1691496000000/CdLIzqzCv8fvyUqHlXOPLg/qa9G8LoScaUROxj-zpUXbXpuTDLoTw6BMZN6XH5VbgwWp5L9rx891W280QTia4XY6sH-_rlDW84gkY3BMgzwPDVsnw_SeMQ1lBI-7Ok9OyB1QQH3wDHeR6WpXSg6GnZvHKjycbQ6eDyVbrVnCShx9fuCmcKysbVP57xCl0hVJLQFupTHv_Jsu-OQJLF-zdK_ITNMgd56SN5zknx6kT1Zlg/duUx06WsjcLd8zBbg-ojaKSxj2ypu6RZzf3mXBjqFeM),25900,1609536,16,2018-08-03,2023-08-06 1:19am,$0 - $4
recbu6QgpsAD40UU9,24,Meili Official,Uf_uO2AsXre8FTE1PobuHdhX31t-qtY7Qipwn6alILYwGVte7j508y_iq9ZQJqHcb3pnXYvK=s88-c-k-c0x00ffffff-no-nd-rj (https://v5.airtableusercontent.com/v1/19/19/1691496000000/aezLX8AfHxl0uubNIOYG_Q/npxMJTMaptR8UwMrnCBfFrV6ROUXHXPawvrWSpk86Ra9iH1JpMQ1ZgXRb8z7RaVlYLL5kkBA5gUJB45SBZ94t2mVgmBP_7HEkznfWPOl8UeSuyGGCnSt0MVnbfwOh2SNc9NGDsFvdIK8Y67rr3hFvuqUSXjE3fteDcvQ_YNZgXL8iZLbQXusUxohqgU8l-W4nAr4pVe14us4keRlF-Ib_g/klddTxDfGS_ZO9rHZqVS_8wSHqvk_oJydu_IWHLaLsk),24700,965305,12,2015-08-11,2023-08-06 1:19am,$0 - $1
recLBIHccoOxln953,25,Yoya Jamal,6670ZD2-S4hg8HKiBk4iz7C9lUpBGXa_DnbkAQnXWAAe6Pvbfg8YWGfrQzflPr3ggxLaBCawSwg=s88-c-k-c0x00ffffff-no-nd-rj (https://v5.airtableusercontent.com/v1/19/19/1691496000000/LxxOi-xi5iBo0f5KzTGbYw/M85QGcMibiQinKBUo3G-TiKlOdI_6tlrk3MC3C1V4LLg9oS6n8k3zYpz6YTumGHNqxZqk1fXYhOaVmKY_bp3FjdZTl0xj3AgSMH8moUHhZDa0emqWAyIvndu-oMUctefUhB9byvy1HT0DsX4BDBK76MAkhbfJCovuUogX11y0bMZjW468x_Vt1MT75ZPPUbBCrIaormPPkl8pPJ9tdCoHQ/YPORp_2Uj8V4fvvymg6_AAf_4Iwt3J511vEIM360d_Y),22500,1273794,10,2016-06-02,2023-08-06 1:19am,$0 - $2
recrH9hGc32OAa8Pj,26,Vania Ice,UpUbJCQNsBTc8oO1nToCpugQ01-E3atLtwGImX7jJsY2jN0jJslMEoCZsS4ozosMS0-hLFIuvg=s88-c-k-c0x00ffffff-no-nd-rj (https://v5.airtableusercontent.com/v1/19/19/1691496000000/4FVuUduTRPcY9g7IbpdJGQ/9B4UobpANzShDIrniJg5qnq0f4MNzFnHPbWm0HzJdyX6JpnbW2daCE38IER6byXFUcnPTW-y7V8g99gr95KtEjCvpWj6LLM2NKNvRQdeOZGYND6_t1Rz7qU-7gINGLM29yx_u763mXtOeKRKhzKxXGBqg18PU37jEl7TmMGezrzt3EMk_vFc-SBdn4boCSjc_mhO2ZQoyQ-a9gjcM8EcYw/fpsAZcdnW43Ad_NI0kiSUMxQiapBbo3qtXCmYHCDfnw),15000,502526,8,2018-12-01,2023-08-06 1:19am,$0 - $1
recEkFLgeGIzPLqeT,27,Monia Fleur,jX2xP7zYqFTglQdTNkI3NdkLJ0bm2PC_CaFQ3v5zpd6-oMvvQyfJO954o6wICz6o_0FH813njA=s88-c-k-c0x00ffffff-no-rj (https://v5.airtableusercontent.com/v1/19/19/1691496000000/LsyqXMgCeRX2dXvcP4nyZg/yoaOdJ58j3SnTYU8Hwv8ItLj8RM3zwM-88R0oeJlem4gFiSFMnhxFHcp8ck0GEO7P8igoIevD1SGy5G7ItlvzQop1UaqL2eXeeo3MlkbK2VL9q3oGbSbCop60vKKR-xvRlsj7gYgY1Gu5g1RIbFYVU251JXgrrPCt96hpROCRIyM528r7NpzG7AmZk4e7TC2KvmL63iy0qc6cv5hA6RKwg/Uz84xbBpYKFEdtxsgLX7gie-8hbInqyDYud3MnI0v4Q),14900,618286,4,2022-08-26,2023-08-06 1:19am,$0 - $7
recTKudYyOHtCAJOs,28,Miss Erica,g69PUpghy7_tBUK4WP57IoOfMabR4XWW-wiLZpkmdl8o1TzZnFnr9pAUQAbh33ZmGecGjghKZ_M=s88-c-k-c0x00ffffff-no-rj (https://v5.airtableusercontent.com/v1/19/19/1691496000000/uDXzW4iK-29QWzKKPgEEkg/cMrKuI77R-k_qDd-nINLOuT8la_Wb7yGqj_ryTvRWWJMPfq6XY26LYabD4QXWU0jLf7Xbg3-_v24xvCNnVNuPhvnXR33JsisvwM-e1t0RxiQZNVEvt-kbGfqvZY59gygezOTtY-rPpqVp-p1AMsHGN-dzzYeeouSm3wRMgcjJTFvjSD9f8nxs4x55-YW3KxlHSwcO7JFwCPY2xFixjk5Tw/FWMwpQQxgnDqacydArcaM-MvBBqtHHA8pRzoWr0zZsw),12700,423697,7,2018-10-19,2023-08-06 1:19am,$0 - $1
recHA4FprG1zxnaKg,29,RACK,1caf1Hl4j-AcGUAGsHnO1FgxHA2n1uF1QKW9UKcAKgzGMDkXLmSZI9AcBlTXhuggT7W2rvwU=s88-c-k-c0x00ffffff-no-rj (https://v5.airtableusercontent.com/v1/19/19/1691496000000/Cve4sNYeQB8LIjGnzx05ag/PAcWDybkptIS8E8S2EANb__YDnLiOQPTAkJN3ZR-6XJ2bcPsg5hqFWYIaRx7Z40grAWQa-GuQ3m2KR8V68k5bsMLC1NrGz4MwRU_IQrnNCM0i_BgAhPyZxSh7Rvr4dq9Kr4sf1nJJcXwOfFNAljMc0lCqn2bVpk7wSRkarZC7lB9BbFAdRIHpH69s6o3K7-5Qu4LXWImB8X7_4qgRlgc9w/BBARcFVEqif2vZBS2zTiTcRxdI2E4yNcen8S8LVcD7w),10000,401710,7,2018-01-30,2023-08-06 1:19am,$0 - $1
reci6xgJi7nCgoOoZ,1,Sat-B,cK8VmGVSsDxab8Kf6oFd9YxCtiNHgr612NqqQzxuAtHcBZSCIHTcAdToyNAjC-UJTgZpVkiVMA=s88-c-k-c0x00ffffff-no-nd-rj (https://v5.airtableusercontent.com/v1/19/19/1691496000000/mo4NvZRk7RFzc3GEnYvstg/GM7PD2db7vafmK0XBQtw-6gB0DUSLjnyE7uXmx6BPtY9IRGZ6trYQwk_EE-YyNYMJmMW7mrpGWmnrdd38EVdNifIQpthAHB6J0jySrM169Zar95iYRO80QLkku4djSJGoxJPm4S2uaLV-mbzeh0flgB0-dE3AnEgewVo1ubrS1Roe9Sb7zx_r9xLXg80wNi-y-AxHCm_CHA379jPoFD1Bw/RYSC8C8RFhfvXKpw2TsShEYTZALjSnqkQupmHgYkYA0),216000,18942612,112,2014-09-24,2023-08-07 1:24am,$1 - $23
rec2302UmBXfvLqoK,2,Big Fizzo Official,TOvNpl0id1EG5kwqnifqVdMJL57s5gWfVVafm5a9y4MfRYpDZ8p_6MOoRPXmjQk3uY1ur2lk=s88-c-k-c0x00ffffff-no-nd-rj (https://v5.airtableusercontent.com/v1/19/19/1691496000000/MxEFEMdNrjr8sId41IRzHQ/FoY_ouEYnk9s8t0eMZja0cG0xAxCb1O3JhqnHh4d0s-4YNmJjhidpUEMtIME7Ju-SJaJJs1jQG-W_AtoFl3BVCIWUSEWDkcI94fnDcuH7FYRbMDJoKHCuiV7XjJp6VHD8SoV2KZHoSEOItM8cWDm912NtSdwMyy8hs_IA56dvCeEAGSzXfzgfPzxCZldzpmwhYJWA3vf1xLJIPUT32GTKw/-7zCe0vjmNWjdOlbrAcdp3M52I5HCqVWyxfvcL27Ti4),130000,7245938,95,2016-04-08,2023-08-07 1:24am,$1 - $11
receUJJDmBtTm9AJE,3,Kidum Kibido,kpSZcSzV8oRD7dllWslUJSQ_ij77NuVxSBRwjhJGEaW8Zdc-AVZemqQlHCDlRQHduXhjmsWS=s88-c-k-c0x00ffffff-no-nd-rj (https://v5.airtableusercontent.com/v1/19/19/1691496000000/wYZOShfBRNysdEQ6CXpCtA/lOktXXDe6dmXuvSw7BOoAv7iNN-pkBUybYCoWhiiXsc045QgpCe817wtkC-CAf-d4swGc4SyJwAemPWNZFL-26enqy7B8reyBmZ7RT8m--u7POST_NTNvMUS9Ict_onJot07y0LpTPhpz1Lcpfgz6LhtHHjQmq-NTfFlhLhFU7V6kU9X75r7a31cahCGC68vJKXbs_m8fYE_FUukh0gkzw/5U3bzPna3sJ5ySqLd4guuRkCcf2taXbFWFw6Rrx_wwI),116000,16842689,151,2015-04-17,2023-08-07 1:24am,$1 - $22
recVNjblpokl9Akdu,4,Drama T,R89mDdfSR9xrK671hGHgMETPGhAolcHVJWED_JL3a7hVTXAELXVwyOchebU4IPHZnKr7tvzE=s88-c-k-c0x00ffffff-no-nd-rj (https://v5.airtableusercontent.com/v1/19/19/1691496000000/qI_3tRwSFxLdabVUoooURw/Fn6A-HZxsnr_9DMuaZtbF6vS4EmtyBj4-cUZRkTHwaqtGrAZ9CmNFGtzaVIB6bjY0EOjFPuiR-7sxsZxecdqPofUL1NT5j5Jgeem_V5GAb-9-qmqZuquPocKxtRgNaahGL3iXMD6gcoyAzvWLbTI6V5uyjdz2tdVAuk0kUIJHaX6UM9l3-KviMOOHV5RmIvWCxJapMVubICmLp8ewZbFeg/pPhxga78GfLiHH9leZMYdi-p6QPHHhSbUsmqX6_pREc),115000,8818022,7,2015-10-04,2023-08-07 1:24am,$1 - $12
reco6g3OiJa002d96,5,Kirikou A-kili,JlVE9ndiIQ9slIbZPdTpGiW5sD6TMwH2bGjHZl6X8LHTmCuglL11pBgAYxJJmked7gDzNjw1ng=s88-c-k-c0x00ffffff-no-nd-rj (https://v5.airtableusercontent.com/v1/19/19/1691496000000/0gMUnWDWrPTG9azMLcqDvg/GOiIzsWS-vSgD4YG2XPfYCOvOK2X792N14FFA84BCAxVXHoNilh7P_W5b7mDZ8TZkM4Jo_c82NQm7u0wbgPO6UhrlMSqWcTX0ga4u_tMk_4x0cExllw4LFdLlMEP6iURLLsImdw5rsAMW1iqekXqmLA8KBPvG5UHy1fpuhLw3Eg480F8mpwmYf3ILraCpD-47iL3IWY_1tNi-VedDMqBIQ/PI7Her9OGX9yxGUL2rPIF839pkkeSOBJv0134wQz-vM),111000,5298235,14,2018-07-11,2023-08-07 1:24am,$1 - $11
rech1wytfcPm4mcdF,6,Double Jay OnceAgain,YjsHOzqy-UyGJX4LErMsJTEzqg0smKCcu5ODa7ybMJbzURNxlLmAe4AbnCd0086Gh_pVQ_0YJg=s88-c-k-c0x00ffffff-no-nd-rj (https://v5.airtableusercontent.com/v1/19/19/1691496000000/m9IzzZS35QZQ6kiQ73KdTw/qPoPz4Fy-OKz8fmFrYCLamuHXzEOPq2n8HToRbySfdpF9nmO-0hsBgU5acQNJ4qo31u4qBVHYgm08dehViTQnR0QpgXyQdNa5PSu3pvHO5AuqJIWc92ECKhkwxkJrUj11DGJ1_VRxQLR8PMBrszwS8KAQk0A8UQOjmr92uIbGVzkz1cy_62kCe3lLwAxU4wU6VKEj9h4tviac-E6IIn4Fg/A__legj8z2oxRDBm4YTzGOXh67-kGNMI2jSsmiJNJQM),106000,7085317,18,2018-01-11,2023-08-07 1:24am,$1 - $14
recJs47RzJ0MTG2FD,7,B-Face Official,AOPolaROZVRthZtiKt1_c70KNEdinpiZoRjPvWjjsGtLUg=s88-c-k-c0x00ffffff-no-rj-mo (https://v5.airtableusercontent.com/v1/19/19/1691496000000/ag_8nx6RrwUEEn7M1To86w/CsWnQ_CzoXm4mrTfx7kxGIuTkjGMn5GO-8Z2-xRZYmIEHfSPel4HFVfilECHvxy-myi1iSq_57erWl22dBrBSPDCc-07qBT82hRGQ0Z4P6AAUNzohKGi0xY-vy_pnbyLrWJfrOscVwIbjtlVsJtrwWFdtTK6U4WL6ttcZJA2c0he_9QS7pQh7zqpY6lkVjKW/dErTziCrKg0jy1xuRUosyOix18DAqP4CJpPIz4fn9S8),96000,5551178,182,2016-09-19,2023-08-07 1:24am,$1 - $9
recVXa7CH7ocBbh5R,8,D-ONE,GtR-XjaCXAd2JhaWOqGnO3pZeb7-puP0vgjhfyR7sHHEsX8pYzP8f4qp5kMVPqL-RTXTyY31Pw=s88-c-k-c0x00ffffff-no-nd-rj (https://v5.airtableusercontent.com/v1/19/19/1691496000000/vn9EenmCtrzdIewwT6cdxQ/jGTogUflVAGR8YqdusSBb-_KN4gE4ewguNS5MDyYlet_EOH6-WKBzZkLG55awGMXrERzS0p1dyx1elIDFZ3sVtWtMC4nANKXtGzrNug8tXbZTFT4tsp2S5KCUpwnloY3y_djBqqfMtZz544Px72ioUAmQ__8MMA1cCpgpjeQXgiuqayA-SlBwv_uXuTgpJBVOaHRbJ2o7gdJOYPOvBnUow/5CKYLoM783NLREG9GvMjqHtLEixRoojZY7Af77D3UQ0),86900,6186119,23,2021-04-16,2023-08-07 1:24am,$2 - $29
recH1pIkff4VcmlOr,9,Alvin Smith Official,sm9w3Z4sCb65aTB4rCp0o1nS9U0RrQBQKNOVYfU9af56pehWPesVQG3nVRtRK5DXJTyq9BVnyQ=s88-c-k-c0x00ffffff-no-rj (https://v5.airtableusercontent.com/v1/19/19/1691496000000/12aV84U6MJCEriuDTedkaA/3b9p5yHMHPusITDA9jRXBF3EgEaWJ9xh379pdBEGaqe3chqesXS767xNId4S5ruhicgUjpJqbmoDazCNUX22hwY2GhrMkbK9_bsrtHRx2i0A1GMymWLk9h6Qjog5xX81ZpQHqlJH_7iY-KRWG7wxNAdnvERlY8gtnZAblwUeuRaS1wTiNqtMPULV_1GmUakwth_1bvAIi1MLbXgzzbzKKw/N-PF_xz0ZVhwZjtT-5po8kMgkbk1RhDLdmc9Em0bJLg),86700,5916451,200,2013-04-26,2023-08-07 1:25am,$0 - $6
recydDLeeK6zQhQTD,10,Natacha Burundi,AOPolaT2JoB0LTqJ9n_7c5nqelNSrCvAHvcj8kIFIqiDcg=s88-c-k-c0x00ffffff-no-rj-mo (https://v5.airtableusercontent.com/v1/19/19/1691496000000/SSSq9aSTHELEtV3qZBrP4Q/jv1kifOOd8pOys99yKch6JbuC1ZHq2KEHPn80GpOhhqvM7HI54hNif5llnxSuW_ZbBlT7wXqWG6yW0BROSUdPExg05ohy1lV8hlQ4FpxYyEuKGT5fJZJfPnGF9Dy1g1OQrkDrTXnH9FF0iw2pysSrkBMhI-NOewiFHNNemb-x1KMxDrZDUbRD3f-oKT8ZHDv/bDrmnQ07fzX0X7xj2BibU2V5iWcBa42s4RA9rQ9iIn4),63600,5490477,93,2015-04-22,2023-08-07 1:25am,$0 - $7
recX1UrXvRkCgBKz8,11,Ado Josan,AOPolaQZbBjQ7jP_bmQHYL1uaMNQFIHAtPT-MfUz0OqLOw=s88-c-k-c0x00ffffff-no-rj (https://v5.airtableusercontent.com/v1/19/19/1691496000000/v0X_mZzEiR_61sxVa2UUEQ/6f5Nomz7tj5HG41T3HSvtP9hwRvsr7xF6M_HmOcIrXubI4togEQSVok-bGO_NYAR5zk2upQ3COxXFAdCWeJwPSWGeAiSPVCBsXz2TorMVORqJcKKhIjmlrhRA974EAPBYeXZfKh9mB1rKvu0F-ua35NnWGaeLPpV0nsaVBnQUfU/DuGeK7ACQzO0rquYPMIFOXTwEHImEkIyu7Bp0-nA1VM),58300,5143102,21,2014-02-15,2023-08-07 1:25am,$0 - $6
recRXEAslto69T1sS,12,MB DATA Boy,AOPolaRZ-EC3n_iWKy5tyDCDfC7ynYx_uGv7UK8ojCEO=s88-c-k-c0x00ffffff-no-rj (https://v5.airtableusercontent.com/v1/19/19/1691496000000/EfpD-HXlx8jijGm-5BIH1Q/Xj5xeqWGA5n9f1_s8aLc_J0-YulQJMyVS3fO6IkcxjFMSYs2SqLjmjZezD4z69KRE69bO8emYZgFsKmowmMy07o4eP2AU52SPl-jVULxfvF_IaRV4uUNDp57cdKidfGrTCd2bfAuYZ8Mge4LFJ222at5Qp2GSB-DWOazbsMOfqs/nRweqcgy37nzf6oo3xASUJSuIagNL6aJVI0iE5ntqgw),50600,2786002,26,2020-06-02,2023-08-07 1:25am,$1 - $10
rec62K16BbyVkLXwq,13,Trey Zo & Rappy Boy,H-5kSLGvQjgVnpA89dWAYhSw_IBsqP2AJ53DUCdJVLlaXcSvaXpQvdQxMFhyfSkzb7AU9DwtxA=s88-c-k-c0x00ffffff-no-nd-rj (https://v5.airtableusercontent.com/v1/19/19/1691496000000/wDVGN8ddh_2pyAv1CT0H7A/OieGG_ydEVo2UaHPtr8DpCAzp0fQelWv24v36WjTAzFnggedFB3Kq8_eq5M2fauumgjbP97rCW2FjbYA0fEIUNAYS0DLa_A631xi8_j15FiV7FVJ77mxoL16zYT6yjUBkAXPKscGBsSBGmV_EJNEDERGPeh0dSwQSxkNszMDxpRrrmBcE9y2t19cJGBxMONUFIQYOfVdSylJbmV4vnEWJg/jC_U_eXEvX7o5Vji2QCeizKRvhtJKnyvT3zLUR7pQbI),46700,3339342,21,2016-02-19,2023-08-07 1:25am,$0 - $5
recyKw3nG4iWtRWs1,14,Mista champagne,dQh0ts78pMRp8ZU7yoDJ7m8_zEfwzYtkU4sRHDdWqPJFhqLKySM3JbN90tXBhdoRqGj7qH1k=s88-c-k-c0x00ffffff-no-nd-rj (https://v5.airtableusercontent.com/v1/19/19/1691496000000/hlZUXU010UhxrGiFsCHwkQ/wr66FLiMFbQOZvHC1mGks4v-6HEHrXe-YHxwkhpL_V3urKc3EE2TjAL8fd1_j1DJwa73s_PZyus7-vrdN17XMU-mjmFPyQwjC3-amCls2LAt-eIUgQN8ExSGrntTN2rJrtnSqh5VNuLFTJvP6b2vlvIo1wwsAS8rvj2n-03aXzoY6_dLBntQeSppr9y0dm-Y7xUYXe9vTNfdYujFOL7leA/c8r6YbXlDGuol8D5gHUEALdwVZKNHbU1LILcKPIx4og),41600,1913176,208,2019-04-25,2023-08-07 1:25am,$0 - $5
recYs2bNJS5NX0b5s,15,R-Flow The Raincoat ,EbFhmrL2AsOSMMX3ksJvtTAz_dskNvNTBTQweFG6dWRUl-B1MJpeTuJhxD3yYl8e_p9_Tp1j=s88-c-k-c0x00ffffff-no-nd-rj (https://v5.airtableusercontent.com/v1/19/19/1691496000000/7-afIEsc63b3ABZBcZSnFA/f1esjzN5MZXv5WSgmdSp5CSMW-aOPhjRQi3tN6PfgUeAkOGrPRnV1DCZRwCYSAYSC3Fvn7GNes__ovAjUaJcAgutN_S15V-yFTqWxeCAoHej2-rKY8ASMST4MmZfpGgpu89e2gONKshBVo6f60mOKH20BM8BWM5v4eip03yuGBWP1BzwGsm7dm9zgD8iBW6DK3COgFKa3fL_xX9qU6P1BQ/smxbIedIOlD3Gj1p7sBBUdFQqTRkfkl-e-H9gc2h430),40100,1699427,19,2019-03-21,2023-08-07 1:25am,$0 - $4
recGthF0Pa4IWuxS5,16,Mo'W Kanzie Official,AOPolaQeS_IZymjiwfO-Tk1I1PS33sZMT4MwSSkB9JDG5Q=s88-c-k-c0x00ffffff-no-rj-mo (https://v5.airtableusercontent.com/v1/19/19/1691496000000/sNjQPpOzRhDGeaQDoInYIg/Qr6poX5I-07piasG0yPDDYsFfysyw-WNhY5Ov5ZRopZ3ep6ESoi0FXIDLnsNyXrZ8gmEZqfgGxfPQoTI6I5i0YGQJy1TjMr9EZSQpPF6RRrVG0htp8zGBcMdXMEUMxPTIZ3Y7adl7OajAfXyJ7KOm6u1_gBemadgFMVaChUrs1Sang56qt_sJ8fbLjs0dEU3/-YqI_DTfsk2SO-Z-OXsSnWNO0QrXC2MmY7bEPGtRSew),36600,1712928,57,2014-07-27,2023-08-07 1:25am,$0 - $2
rec2RCdzlRbir8EqE,17,Esther Nish Official,5KT48SH_f1wD_g6LR8lu1euZoZISibXu2aInWAohOy-oGCA5aqImhw5gRs9nIYdr_kCsz3qwqQ=s88-c-k-c0x00ffffff-no-rj (https://v5.airtableusercontent.com/v1/19/19/1691496000000/7CTTNZCZaBSIe6GIORyIjg/58AK-qpS_yCkw_TfF0tp_Bky2tEG4hqNOf2tVHzVVCV-2dtioPaHFf-YiuY3III4zos60Up1zwn-1kXkpcMpL0kiL8EKTjm3SxmX7bAj3fl7Cai5HU6eJfdAO-ljjrO7eLAynNrPlCoplhXK-Qzd5Ys0_jVz-cdXyElDPXt4zcJBj7ROnkeqd6dOXdhRxaP44W-6XaJSuIR3SUnd2MJ8tA/09IwSXZAcB_NLJcGU6iswn3sO5RC0YANeZ7UtxyJfSM),32600,1381869,34,2018-08-14,2023-08-07 1:25am,$0 - $3
recEMKy7Cv5cxqeRE,18,Vichou Love,_XpQIh4k2Ug7NLo7XnG_L_KyJYfkui1zuubDPnsF8AZWb1eb7zCRw4OjHTLgBlTYyM2b_XzqIRc=s88-c-k-c0x00ffffff-no-nd-rj (https://v5.airtableusercontent.com/v1/19/19/1691496000000/zmtn3la78Pv3mqR67djhpg/VIKjzUp5MxqU-4tL5OsUxY8adac_D4YIanEBcZ4kaFXWHXoeuDbDfSaN3_8YDYwqOWaKYkeYEDZlJtUAoq14NQnAixc5ob8d3E9EztL3swtTFAvZoLtexYq48qnANU97KRH3PK8YggEYBC65tJcjazMelqBNnHFelnTi93k1sMjgSTDcxY9WhwEKE2rriXjXJu38CsWLMzu4FfH3tlEuUw/Of8H7BvAsPY6AB1rDUtuTdOvjz4YSab9hVslfMj1P8I),31800,1803513,68,2017-07-02,2023-08-07 1:25am,$0 - $3
rec1MLuSz0SFzV6Qc,19,El Pro Burundi,AOPolaSZ6aX5jDZL7UQBoyaSQ0qLTffX3C75OHUttmgU=s88-c-k-c0x00ffffff-no-rj (https://v5.airtableusercontent.com/v1/19/19/1691496000000/BFNowXZJOZtFt_9QspgOOA/Ezbjo4NIVzQS4QeZAN-N3VtLuhu8jKilNoGZL9Y98PLgCkr5dDu_dYSm6MMgPOpjNguDRdZhAkdc_TzfUaoBQa04ibHf39krrGOYSbFCRMI4_cheuOxoiGb_SPbqxh5eREvrLs-dmcN8XyHnMlvceZdB3j_nj_ZtiZm4RklyqZA/bzzEwV14gbzp1g_axKPatjPTGrW8E_BZ1sTcdPIUcIE),29800,960437,18,2015-11-03,2023-08-07 1:25am,$0 - $1
reczBKc8rMxX3JZQz,20,LinoG Umvukuri,XDg-iAFnqqypvS4sAvyfzCUlyIJ0ov6mT4bhAyqpaGg_XWBT0g4Hvds4XxUh4w6lE5YryQKrVg=s88-c-k-c0x00ffffff-no-rj (https://v5.airtableusercontent.com/v1/19/19/1691496000000/V0ZGZwkJnZfkuhHjdFMuIA/g8VnUV4jzytiahDSCmo5Csfl6Q6XfliikQBWkZeGUSNjUUR9UynjHWgq7JJmxvPrLrPhI3tkRjoBrs_iP4AKz65SF4-GiBjOjjZ8Jvpn2jxNbyfQ02Dau1s2rLqpRgU1ZIGZpNFslzgyFH-3d8qKZSSnuJeQbdFbIQnXUO8qux0XR80gYIqzoN2IM4kV0IIvP-RWRc5GlD1zDtsKseFDJg/Sg3Icqb_A0NM6Wf3ngexIMzRhg0b_amdVyA-jdLX8lg),29700,1216420,10,2018-02-05,2023-08-07 1:25am,$0 - $2
recVXWD9jWu3c9Nzs,21,Berry Music,wHwcWIow-LEznGCPthBFpe_0YzAYvNsy86hQoHrp72X4g8IocUcwB4wM8p4-9-kae_Fa3c0f=s88-c-k-c0x00ffffff-no-rj (https://v5.airtableusercontent.com/v1/19/19/1691496000000/i60HRF4AgzWI7eph8q55OQ/66rFTVxokkLWG7kjh3iOThkptQ_XDGxFeBvG3uOu8CMq_Qh50drnchA_5TD1JRTmeRBGx77ilj_nNnEqB_cp0wbG6ZIMVsWNiRpR0XmEsymeEdoRg6ug1dPSj_7ZE5YzM8RMyieyD1URKn0jeMzl1rx05LNFTwaauEnITxCDgMAPDuVuoY5oatW_qYyCMD7Dc2v__feBQDVbGeJ9StVEJg/QaMTP4PSBiZ3AWtfpZn6Y8_IxFpcauOT2z6mI0AIESA),28700,1432607,7,2020-06-20,2023-08-07 1:25am,$0 - $5
recyWNIr2MKvipdNB,22,Masterland,GnhIQQrIlNhv2KRyJ0QCPcXhl5F4ErrA8St4ikdduZ5F0K1Al3CwUxie0cf3pKpJ8FZUQ8rqQeM=s88-c-k-c0x00ffffff-no-rj (https://v5.airtableusercontent.com/v1/19/19/1691496000000/vEPw3lkWe2I5gZfAX2Da0A/EBWyLc41M8JNOGAK9FYye2xf1G1xfIJICrDEN3AfrTm8535BTZr0w17eiSkcXQiP2d3xTIUbwe4TY_Eq-cqjNTWr-wJB9i-Xm6OTEwM9I2PXyenbGTFj9E_6_ip4di5Fa2oDYM5x3hpxkPnbDpvKwZHg8wwhpTjXfmE6s7MZByAwF9id9rsVwxOYyFbS7fb3rMbdt9IH1vRJJYxVxBzCsA/1JTuNPXTsCiHBh01nuHTGft7Zpgd3rCsHiklANID2QU),27700,1444196,62,2013-07-17,2023-08-07 1:25am,$0 - $2
reczFdA6YDOBtskOr,23,Theecember,4GeiYFHhw7T1IpmUUciV3LlBDaTx6NenwtMoNn4os2QoOXVzGC8pbIJkOlXiTV9ysCHgQez7IA=s88-c-k-c0x00ffffff-no-rj (https://v5.airtableusercontent.com/v1/19/19/1691496000000/IsXZpgjCjJ9FTVT3Lnw5Jg/7uEeMlbJmfgdNW9_ewndqNJ2OYQACexQNrPFiK59Rx7V49u44_fEVqj70AdKpq3V1HfB_eDfdCl7N71u0wpWk3ImbiklZQp9Zt-G_xHcRfO-ECZpOVZOF-OUcIaM2-C1eHtWxqRYG6s1_rUnLpEtPIRwbQIstGveQW9_FQXc821s8rAtaTQYNNLjWle1NAVQui4XXVskz6kTiZx_pX50ew/ZsnNHXOjHdbZOm8clQX37RrQ7-tGxYrv7sGuZTlf8AY),26000,1616789,16,2018-08-03,2023-08-07 1:25am,$0 - $4
recAlikXaGlLCctTo,24,Meili Official,Uf_uO2AsXre8FTE1PobuHdhX31t-qtY7Qipwn6alILYwGVte7j508y_iq9ZQJqHcb3pnXYvK=s88-c-k-c0x00ffffff-no-nd-rj (https://v5.airtableusercontent.com/v1/19/19/1691496000000/d1Ze9n2JJeceX3dVg8rXjA/DDlRmt8H9h8MhHgqbpx5R7hZMX7ixlYI1vxRoU0ogkYHnhN48Sz5cSaK2vvAEwKRRvMU5u0YsXbQg5Hbrc-sYuPdzTLecm-ggiT4ffr6WnJydbAKmAMbPyjka_xGBSIZdWZHYXFVAQ92TA23HfyUCgp5E7EXV0-vose1kJuey6obzsDQ00uUaJWOncKHM4KE6d55KP1hahhlMFccGhs5ZA/XNSj-BSBkcshUk8RiCElRm6h_Rh-H4wcpYqDARRi5dc),25000,971959,12,2015-08-11,2023-08-07 1:25am,$0 - $1
recf0AgihNIu58rXv,25,Yoya Jamal,6670ZD2-S4hg8HKiBk4iz7C9lUpBGXa_DnbkAQnXWAAe6Pvbfg8YWGfrQzflPr3ggxLaBCawSwg=s88-c-k-c0x00ffffff-no-nd-rj (https://v5.airtableusercontent.com/v1/19/19/1691496000000/46VU8IxVE6jAu9cyq_hclA/ZGfPWSI8cAB1g-bhHZ76kJwLP-N8V_rwMbKRyCRn9APSfdjYmX5tL18cvyXgRBgA0Za9mOdKeVW6-rAPiX02R2PEdi4eTswa97Pyhfb7WY0kmP9xNIwd-8OFaQmPNt3V7rLgWaN1ebj6eFDaQvNwAojBC9TXZ7m5ZG7YBhoV2GEJ8pTN9oyZANyTX_Ba3O0Ykqscfd0OB0OmmTj0GnuYBA/guNk3r56utrvkS_2oZLq7XEAiJHli-HiYnaBxC_lFdI),22500,1274980,11,2016-06-02,2023-08-07 1:25am,$0 - $2
recmLjcHOYyortPO6,26,Vania Ice,UpUbJCQNsBTc8oO1nToCpugQ01-E3atLtwGImX7jJsY2jN0jJslMEoCZsS4ozosMS0-hLFIuvg=s88-c-k-c0x00ffffff-no-nd-rj (https://v5.airtableusercontent.com/v1/19/19/1691496000000/F1EGd2RavmoKfgT2lz8BhQ/65QnokauO1haKKkoWy4vTomKb7t-9ckhJnCMyfuv8aNZqBuhGgaa4iHS5HPE99ojuq0fYap-TNctHzcHXUf-vmhjdSG8NO_mrXFb7ctoDmEsK2elUptPXbKUDPCS0-sY3OVDG0XFkj0ZJSa8ojknTIn5PC9z8Dw-tuwIvZxKml9AImM4rzW6o9zcjazbnmY9BZIASm7p-tGs5QkxMfemKA/j6pM2d3YA9jg3gbbMGQFxtI6Vvm6xXjduf82MUB7NXg),15000,502710,8,2018-12-01,2023-08-07 1:25am,$0 - $1
reccSr80yoWUYfSCS,27,Monia Fleur,jX2xP7zYqFTglQdTNkI3NdkLJ0bm2PC_CaFQ3v5zpd6-oMvvQyfJO954o6wICz6o_0FH813njA=s88-c-k-c0x00ffffff-no-rj (https://v5.airtableusercontent.com/v1/19/19/1691496000000/vtEg4vjrpx0K3me7RvqdwA/b1xGwf7HOFWhIy-65VG12IaMnjT0UYsMCVC43veJPcxa9X6dFN5WaGAPbvFG4YzXFGbLPDhmLkP7FTjxah7kQogMY0V400HVPDhCfKdZ_P184-0kxjpKivGO6XK4Bh-8i5vYQ3nPH4BFKdCN605Wx8Qho6siUmLXOqQNuHgKD9u0JsmIMCx47Nsn_HhLGetxbDTsN6kdvYuDMq3UMx5NzQ/C5Rq3q5J6lA2o-nwl77LIJN1PlFavfg1aDBDRXPUTmo),14900,619668,4,2022-08-26,2023-08-07 1:25am,$0 - $7
recWuOUfShtRddTq5,28,Miss Erica,g69PUpghy7_tBUK4WP57IoOfMabR4XWW-wiLZpkmdl8o1TzZnFnr9pAUQAbh33ZmGecGjghKZ_M=s88-c-k-c0x00ffffff-no-rj (https://v5.airtableusercontent.com/v1/19/19/1691496000000/iuBdHq0nn61TOI7zQzv_6w/kk82lYFRH3HxquQkhYb8KbjtDn9UQ1zUYnf391hbrBXsvtgBqipXQtscb5xm-yNaSucge--PBjBcsqHUuGWA0avF54vni2QpQxRrm1YPx9T7YB5A61LNS5gWe134RJaGfZJeVnfOWqBf6KoLkspQ58_WgI26AL09-oLfiyI9mGr8DbC4gZDh6fwGr1oq45g_xUbIZxPrOT9S6Lfc77fxig/Ul8HEcs2Jqj41d--1OlvI1HpoTGp1CHa8gDQMg0uHGk),12700,423833,7,2018-10-19,2023-08-07 1:25am,$0 - $1
rec6EaZEHdEoReZOU,29,RACK,1caf1Hl4j-AcGUAGsHnO1FgxHA2n1uF1QKW9UKcAKgzGMDkXLmSZI9AcBlTXhuggT7W2rvwU=s88-c-k-c0x00ffffff-no-rj (https://v5.airtableusercontent.com/v1/19/19/1691496000000/YWaChsIuThgPde_OcxXchg/T7IIFsl7M6AHgcy0XhdwwlEeOEsGgebVaakMOG8eRF5O8JJX8KjbQuimoXxIfzgTOUkTsMyeiEbLISpoiylO56C5Wu_eeB7OI7eI1T1h-oulV-bSr81V3pfrqFgbfRmUk4UNe2-hMpdms9fOq7wNQAoCrcenJ1VsuQLOKcauAnGNDdp1PRneFgkqFnL-IjmedIN_lTCvZCnt_uvn_i1hQA/L2lJyjf8l4EQ2YLCA7j8VLE2r1c2wF9ZTS46MgfjMi0),10000,402130,7,2018-01-30,2023-08-07 1:25am,$0 - $1
rec0d2C8GFLPDaNhH,1,Sat-B,cK8VmGVSsDxab8Kf6oFd9YxCtiNHgr612NqqQzxuAtHcBZSCIHTcAdToyNAjC-UJTgZpVkiVMA=s88-c-k-c0x00ffffff-no-nd-rj (https://v5.airtableusercontent.com/v1/19/19/1691496000000/mo4NvZRk7RFzc3GEnYvstg/GM7PD2db7vafmK0XBQtw-6gB0DUSLjnyE7uXmx6BPtY9IRGZ6trYQwk_EE-YyNYMJmMW7mrpGWmnrdd38EVdNifIQpthAHB6J0jySrM169Zar95iYRO80QLkku4djSJGoxJPm4S2uaLV-mbzeh0flgB0-dE3AnEgewVo1ubrS1Roe9Sb7zx_r9xLXg80wNi-y-AxHCm_CHA379jPoFD1Bw/RYSC8C8RFhfvXKpw2TsShEYTZALjSnqkQupmHgYkYA0),216000,18954175,112,2014-09-24,2023-08-08 1:22am,$1 - $23
recfzROEmtSZU1ur1,2,Big Fizzo Official,TOvNpl0id1EG5kwqnifqVdMJL57s5gWfVVafm5a9y4MfRYpDZ8p_6MOoRPXmjQk3uY1ur2lk=s88-c-k-c0x00ffffff-no-nd-rj (https://v5.airtableusercontent.com/v1/19/19/1691496000000/MxEFEMdNrjr8sId41IRzHQ/FoY_ouEYnk9s8t0eMZja0cG0xAxCb1O3JhqnHh4d0s-4YNmJjhidpUEMtIME7Ju-SJaJJs1jQG-W_AtoFl3BVCIWUSEWDkcI94fnDcuH7FYRbMDJoKHCuiV7XjJp6VHD8SoV2KZHoSEOItM8cWDm912NtSdwMyy8hs_IA56dvCeEAGSzXfzgfPzxCZldzpmwhYJWA3vf1xLJIPUT32GTKw/-7zCe0vjmNWjdOlbrAcdp3M52I5HCqVWyxfvcL27Ti4),130000,7253229,95,2016-04-08,2023-08-08 1:22am,$1 - $11
rec2qQPKYzLeyvXmz,3,Kidum Kibido,kpSZcSzV8oRD7dllWslUJSQ_ij77NuVxSBRwjhJGEaW8Zdc-AVZemqQlHCDlRQHduXhjmsWS=s88-c-k-c0x00ffffff-no-nd-rj (https://v5.airtableusercontent.com/v1/19/19/1691496000000/wYZOShfBRNysdEQ6CXpCtA/lOktXXDe6dmXuvSw7BOoAv7iNN-pkBUybYCoWhiiXsc045QgpCe817wtkC-CAf-d4swGc4SyJwAemPWNZFL-26enqy7B8reyBmZ7RT8m--u7POST_NTNvMUS9Ict_onJot07y0LpTPhpz1Lcpfgz6LhtHHjQmq-NTfFlhLhFU7V6kU9X75r7a31cahCGC68vJKXbs_m8fYE_FUukh0gkzw/5U3bzPna3sJ5ySqLd4guuRkCcf2taXbFWFw6Rrx_wwI),116000,16891699,151,2015-04-17,2023-08-08 1:22am,$1 - $22
recb8RNYzQ9CsAzHX,4,Drama T,R89mDdfSR9xrK671hGHgMETPGhAolcHVJWED_JL3a7hVTXAELXVwyOchebU4IPHZnKr7tvzE=s88-c-k-c0x00ffffff-no-nd-rj (https://v5.airtableusercontent.com/v1/19/19/1691496000000/qI_3tRwSFxLdabVUoooURw/Fn6A-HZxsnr_9DMuaZtbF6vS4EmtyBj4-cUZRkTHwaqtGrAZ9CmNFGtzaVIB6bjY0EOjFPuiR-7sxsZxecdqPofUL1NT5j5Jgeem_V5GAb-9-qmqZuquPocKxtRgNaahGL3iXMD6gcoyAzvWLbTI6V5uyjdz2tdVAuk0kUIJHaX6UM9l3-KviMOOHV5RmIvWCxJapMVubICmLp8ewZbFeg/pPhxga78GfLiHH9leZMYdi-p6QPHHhSbUsmqX6_pREc),115000,8845963,7,2015-10-04,2023-08-08 1:22am,$1 - $12
rec70JFPjYRY8CHBG,5,Kirikou A-kili,JlVE9ndiIQ9slIbZPdTpGiW5sD6TMwH2bGjHZl6X8LHTmCuglL11pBgAYxJJmked7gDzNjw1ng=s88-c-k-c0x00ffffff-no-nd-rj (https://v5.airtableusercontent.com/v1/19/19/1691496000000/0gMUnWDWrPTG9azMLcqDvg/GOiIzsWS-vSgD4YG2XPfYCOvOK2X792N14FFA84BCAxVXHoNilh7P_W5b7mDZ8TZkM4Jo_c82NQm7u0wbgPO6UhrlMSqWcTX0ga4u_tMk_4x0cExllw4LFdLlMEP6iURLLsImdw5rsAMW1iqekXqmLA8KBPvG5UHy1fpuhLw3Eg480F8mpwmYf3ILraCpD-47iL3IWY_1tNi-VedDMqBIQ/PI7Her9OGX9yxGUL2rPIF839pkkeSOBJv0134wQz-vM),111000,5320270,14,2018-07-11,2023-08-08 1:22am,$1 - $11
recKB0YtKdCor9HdG,6,Double Jay OnceAgain,YjsHOzqy-UyGJX4LErMsJTEzqg0smKCcu5ODa7ybMJbzURNxlLmAe4AbnCd0086Gh_pVQ_0YJg=s88-c-k-c0x00ffffff-no-nd-rj (https://v5.airtableusercontent.com/v1/19/19/1691496000000/m9IzzZS35QZQ6kiQ73KdTw/qPoPz4Fy-OKz8fmFrYCLamuHXzEOPq2n8HToRbySfdpF9nmO-0hsBgU5acQNJ4qo31u4qBVHYgm08dehViTQnR0QpgXyQdNa5PSu3pvHO5AuqJIWc92ECKhkwxkJrUj11DGJ1_VRxQLR8PMBrszwS8KAQk0A8UQOjmr92uIbGVzkz1cy_62kCe3lLwAxU4wU6VKEj9h4tviac-E6IIn4Fg/A__legj8z2oxRDBm4YTzGOXh67-kGNMI2jSsmiJNJQM),107000,7118574,18,2018-01-11,2023-08-08 1:22am,$1 - $14
recb0l6VokJb7CEm2,7,B-Face Official,AOPolaROZVRthZtiKt1_c70KNEdinpiZoRjPvWjjsGtLUg=s88-c-k-c0x00ffffff-no-rj-mo (https://v5.airtableusercontent.com/v1/19/19/1691496000000/ag_8nx6RrwUEEn7M1To86w/CsWnQ_CzoXm4mrTfx7kxGIuTkjGMn5GO-8Z2-xRZYmIEHfSPel4HFVfilECHvxy-myi1iSq_57erWl22dBrBSPDCc-07qBT82hRGQ0Z4P6AAUNzohKGi0xY-vy_pnbyLrWJfrOscVwIbjtlVsJtrwWFdtTK6U4WL6ttcZJA2c0he_9QS7pQh7zqpY6lkVjKW/dErTziCrKg0jy1xuRUosyOix18DAqP4CJpPIz4fn9S8),96100,5555822,182,2016-09-19,2023-08-08 1:22am,$1 - $9
recOozkWkeo3Oqvcq,8,D-ONE,GtR-XjaCXAd2JhaWOqGnO3pZeb7-puP0vgjhfyR7sHHEsX8pYzP8f4qp5kMVPqL-RTXTyY31Pw=s88-c-k-c0x00ffffff-no-nd-rj (https://v5.airtableusercontent.com/v1/19/19/1691496000000/vn9EenmCtrzdIewwT6cdxQ/jGTogUflVAGR8YqdusSBb-_KN4gE4ewguNS5MDyYlet_EOH6-WKBzZkLG55awGMXrERzS0p1dyx1elIDFZ3sVtWtMC4nANKXtGzrNug8tXbZTFT4tsp2S5KCUpwnloY3y_djBqqfMtZz544Px72ioUAmQ__8MMA1cCpgpjeQXgiuqayA-SlBwv_uXuTgpJBVOaHRbJ2o7gdJOYPOvBnUow/5CKYLoM783NLREG9GvMjqHtLEixRoojZY7Af77D3UQ0),87100,6213616,23,2021-04-16,2023-08-08 1:22am,$2 - $29
recAYprtB1bFra53u,9,Alvin Smith Official,sm9w3Z4sCb65aTB4rCp0o1nS9U0RrQBQKNOVYfU9af56pehWPesVQG3nVRtRK5DXJTyq9BVnyQ=s88-c-k-c0x00ffffff-no-rj (https://v5.airtableusercontent.com/v1/19/19/1691496000000/12aV84U6MJCEriuDTedkaA/3b9p5yHMHPusITDA9jRXBF3EgEaWJ9xh379pdBEGaqe3chqesXS767xNId4S5ruhicgUjpJqbmoDazCNUX22hwY2GhrMkbK9_bsrtHRx2i0A1GMymWLk9h6Qjog5xX81ZpQHqlJH_7iY-KRWG7wxNAdnvERlY8gtnZAblwUeuRaS1wTiNqtMPULV_1GmUakwth_1bvAIi1MLbXgzzbzKKw/N-PF_xz0ZVhwZjtT-5po8kMgkbk1RhDLdmc9Em0bJLg),86800,5924038,200,2013-04-26,2023-08-08 1:22am,$0 - $6
recLbYkN35wTM6ehE,10,Natacha Burundi,AOPolaT2JoB0LTqJ9n_7c5nqelNSrCvAHvcj8kIFIqiDcg=s88-c-k-c0x00ffffff-no-rj-mo (https://v5.airtableusercontent.com/v1/19/19/1691496000000/SSSq9aSTHELEtV3qZBrP4Q/jv1kifOOd8pOys99yKch6JbuC1ZHq2KEHPn80GpOhhqvM7HI54hNif5llnxSuW_ZbBlT7wXqWG6yW0BROSUdPExg05ohy1lV8hlQ4FpxYyEuKGT5fJZJfPnGF9Dy1g1OQrkDrTXnH9FF0iw2pysSrkBMhI-NOewiFHNNemb-x1KMxDrZDUbRD3f-oKT8ZHDv/bDrmnQ07fzX0X7xj2BibU2V5iWcBa42s4RA9rQ9iIn4),63600,5491490,93,2015-04-22,2023-08-08 1:22am,$0 - $7
recLvchS4d6yNACij,11,Ado Josan,AOPolaQZbBjQ7jP_bmQHYL1uaMNQFIHAtPT-MfUz0OqLOw=s88-c-k-c0x00ffffff-no-rj (https://v5.airtableusercontent.com/v1/19/19/1691496000000/v0X_mZzEiR_61sxVa2UUEQ/6f5Nomz7tj5HG41T3HSvtP9hwRvsr7xF6M_HmOcIrXubI4togEQSVok-bGO_NYAR5zk2upQ3COxXFAdCWeJwPSWGeAiSPVCBsXz2TorMVORqJcKKhIjmlrhRA974EAPBYeXZfKh9mB1rKvu0F-ua35NnWGaeLPpV0nsaVBnQUfU/DuGeK7ACQzO0rquYPMIFOXTwEHImEkIyu7Bp0-nA1VM),58400,5144835,21,2014-02-15,2023-08-08 1:22am,$0 - $6
reclHgjbvS2Y7RyYC,12,MB DATA Boy,AOPolaRZ-EC3n_iWKy5tyDCDfC7ynYx_uGv7UK8ojCEO=s88-c-k-c0x00ffffff-no-rj (https://v5.airtableusercontent.com/v1/19/19/1691496000000/EfpD-HXlx8jijGm-5BIH1Q/Xj5xeqWGA5n9f1_s8aLc_J0-YulQJMyVS3fO6IkcxjFMSYs2SqLjmjZezD4z69KRE69bO8emYZgFsKmowmMy07o4eP2AU52SPl-jVULxfvF_IaRV4uUNDp57cdKidfGrTCd2bfAuYZ8Mge4LFJ222at5Qp2GSB-DWOazbsMOfqs/nRweqcgy37nzf6oo3xASUJSuIagNL6aJVI0iE5ntqgw),50600,2787493,26,2020-06-02,2023-08-08 1:22am,$1 - $10
recMySdtgF5ZaVLKN,13,Trey Zo & Rappy Boy,H-5kSLGvQjgVnpA89dWAYhSw_IBsqP2AJ53DUCdJVLlaXcSvaXpQvdQxMFhyfSkzb7AU9DwtxA=s88-c-k-c0x00ffffff-no-nd-rj (https://v5.airtableusercontent.com/v1/19/19/1691496000000/wDVGN8ddh_2pyAv1CT0H7A/OieGG_ydEVo2UaHPtr8DpCAzp0fQelWv24v36WjTAzFnggedFB3Kq8_eq5M2fauumgjbP97rCW2FjbYA0fEIUNAYS0DLa_A631xi8_j15FiV7FVJ77mxoL16zYT6yjUBkAXPKscGBsSBGmV_EJNEDERGPeh0dSwQSxkNszMDxpRrrmBcE9y2t19cJGBxMONUFIQYOfVdSylJbmV4vnEWJg/jC_U_eXEvX7o5Vji2QCeizKRvhtJKnyvT3zLUR7pQbI),46800,3344976,21,2016-02-19,2023-08-08 1:22am,$0 - $5
recO5e5z0OGSPjGlv,14,Mista champagne,dQh0ts78pMRp8ZU7yoDJ7m8_zEfwzYtkU4sRHDdWqPJFhqLKySM3JbN90tXBhdoRqGj7qH1k=s88-c-k-c0x00ffffff-no-nd-rj (https://v5.airtableusercontent.com/v1/19/19/1691496000000/hlZUXU010UhxrGiFsCHwkQ/wr66FLiMFbQOZvHC1mGks4v-6HEHrXe-YHxwkhpL_V3urKc3EE2TjAL8fd1_j1DJwa73s_PZyus7-vrdN17XMU-mjmFPyQwjC3-amCls2LAt-eIUgQN8ExSGrntTN2rJrtnSqh5VNuLFTJvP6b2vlvIo1wwsAS8rvj2n-03aXzoY6_dLBntQeSppr9y0dm-Y7xUYXe9vTNfdYujFOL7leA/c8r6YbXlDGuol8D5gHUEALdwVZKNHbU1LILcKPIx4og),41600,1916192,208,2019-04-25,2023-08-08 1:22am,$0 - $5
recJvakH7sVToQlWh,15,R-Flow The Raincoat ,EbFhmrL2AsOSMMX3ksJvtTAz_dskNvNTBTQweFG6dWRUl-B1MJpeTuJhxD3yYl8e_p9_Tp1j=s88-c-k-c0x00ffffff-no-nd-rj (https://v5.airtableusercontent.com/v1/19/19/1691496000000/7-afIEsc63b3ABZBcZSnFA/f1esjzN5MZXv5WSgmdSp5CSMW-aOPhjRQi3tN6PfgUeAkOGrPRnV1DCZRwCYSAYSC3Fvn7GNes__ovAjUaJcAgutN_S15V-yFTqWxeCAoHej2-rKY8ASMST4MmZfpGgpu89e2gONKshBVo6f60mOKH20BM8BWM5v4eip03yuGBWP1BzwGsm7dm9zgD8iBW6DK3COgFKa3fL_xX9qU6P1BQ/smxbIedIOlD3Gj1p7sBBUdFQqTRkfkl-e-H9gc2h430),40200,1702600,19,2019-03-21,2023-08-08 1:22am,$0 - $4
recGO7T5iYWazCTvg,16,Mo'W Kanzie Official,AOPolaQeS_IZymjiwfO-Tk1I1PS33sZMT4MwSSkB9JDG5Q=s88-c-k-c0x00ffffff-no-rj-mo (https://v5.airtableusercontent.com/v1/19/19/1691496000000/sNjQPpOzRhDGeaQDoInYIg/Qr6poX5I-07piasG0yPDDYsFfysyw-WNhY5Ov5ZRopZ3ep6ESoi0FXIDLnsNyXrZ8gmEZqfgGxfPQoTI6I5i0YGQJy1TjMr9EZSQpPF6RRrVG0htp8zGBcMdXMEUMxPTIZ3Y7adl7OajAfXyJ7KOm6u1_gBemadgFMVaChUrs1Sang56qt_sJ8fbLjs0dEU3/-YqI_DTfsk2SO-Z-OXsSnWNO0QrXC2MmY7bEPGtRSew),36600,1713553,57,2014-07-27,2023-08-08 1:22am,$0 - $2
recm6r70rv6q9pate,17,Esther Nish Official,5KT48SH_f1wD_g6LR8lu1euZoZISibXu2aInWAohOy-oGCA5aqImhw5gRs9nIYdr_kCsz3qwqQ=s88-c-k-c0x00ffffff-no-rj (https://v5.airtableusercontent.com/v1/19/19/1691496000000/7CTTNZCZaBSIe6GIORyIjg/58AK-qpS_yCkw_TfF0tp_Bky2tEG4hqNOf2tVHzVVCV-2dtioPaHFf-YiuY3III4zos60Up1zwn-1kXkpcMpL0kiL8EKTjm3SxmX7bAj3fl7Cai5HU6eJfdAO-ljjrO7eLAynNrPlCoplhXK-Qzd5Ys0_jVz-cdXyElDPXt4zcJBj7ROnkeqd6dOXdhRxaP44W-6XaJSuIR3SUnd2MJ8tA/09IwSXZAcB_NLJcGU6iswn3sO5RC0YANeZ7UtxyJfSM),32600,1382651,34,2018-08-14,2023-08-08 1:22am,$0 - $3
recpTfZ66TfFNiHHE,18,Vichou Love,_XpQIh4k2Ug7NLo7XnG_L_KyJYfkui1zuubDPnsF8AZWb1eb7zCRw4OjHTLgBlTYyM2b_XzqIRc=s88-c-k-c0x00ffffff-no-nd-rj (https://v5.airtableusercontent.com/v1/19/19/1691496000000/zmtn3la78Pv3mqR67djhpg/VIKjzUp5MxqU-4tL5OsUxY8adac_D4YIanEBcZ4kaFXWHXoeuDbDfSaN3_8YDYwqOWaKYkeYEDZlJtUAoq14NQnAixc5ob8d3E9EztL3swtTFAvZoLtexYq48qnANU97KRH3PK8YggEYBC65tJcjazMelqBNnHFelnTi93k1sMjgSTDcxY9WhwEKE2rriXjXJu38CsWLMzu4FfH3tlEuUw/Of8H7BvAsPY6AB1rDUtuTdOvjz4YSab9hVslfMj1P8I),31900,1806425,69,2017-07-02,2023-08-08 1:22am,$0 - $3
recs3qpFoiWciF2Wj,19,El Pro Burundi,AOPolaSZ6aX5jDZL7UQBoyaSQ0qLTffX3C75OHUttmgU=s88-c-k-c0x00ffffff-no-rj (https://v5.airtableusercontent.com/v1/19/19/1691496000000/BFNowXZJOZtFt_9QspgOOA/Ezbjo4NIVzQS4QeZAN-N3VtLuhu8jKilNoGZL9Y98PLgCkr5dDu_dYSm6MMgPOpjNguDRdZhAkdc_TzfUaoBQa04ibHf39krrGOYSbFCRMI4_cheuOxoiGb_SPbqxh5eREvrLs-dmcN8XyHnMlvceZdB3j_nj_ZtiZm4RklyqZA/bzzEwV14gbzp1g_axKPatjPTGrW8E_BZ1sTcdPIUcIE),30000,966368,18,2015-11-03,2023-08-08 1:22am,$0 - $1
recZXkOfnnVr68CP2,20,LinoG Umvukuri,XDg-iAFnqqypvS4sAvyfzCUlyIJ0ov6mT4bhAyqpaGg_XWBT0g4Hvds4XxUh4w6lE5YryQKrVg=s88-c-k-c0x00ffffff-no-rj (https://v5.airtableusercontent.com/v1/19/19/1691496000000/V0ZGZwkJnZfkuhHjdFMuIA/g8VnUV4jzytiahDSCmo5Csfl6Q6XfliikQBWkZeGUSNjUUR9UynjHWgq7JJmxvPrLrPhI3tkRjoBrs_iP4AKz65SF4-GiBjOjjZ8Jvpn2jxNbyfQ02Dau1s2rLqpRgU1ZIGZpNFslzgyFH-3d8qKZSSnuJeQbdFbIQnXUO8qux0XR80gYIqzoN2IM4kV0IIvP-RWRc5GlD1zDtsKseFDJg/Sg3Icqb_A0NM6Wf3ngexIMzRhg0b_amdVyA-jdLX8lg),29900,1224089,10,2018-02-05,2023-08-08 1:22am,$0 - $2
recw3Eqbx8gJin0zJ,21,Berry Music,wHwcWIow-LEznGCPthBFpe_0YzAYvNsy86hQoHrp72X4g8IocUcwB4wM8p4-9-kae_Fa3c0f=s88-c-k-c0x00ffffff-no-rj (https://v5.airtableusercontent.com/v1/19/19/1691496000000/i60HRF4AgzWI7eph8q55OQ/66rFTVxokkLWG7kjh3iOThkptQ_XDGxFeBvG3uOu8CMq_Qh50drnchA_5TD1JRTmeRBGx77ilj_nNnEqB_cp0wbG6ZIMVsWNiRpR0XmEsymeEdoRg6ug1dPSj_7ZE5YzM8RMyieyD1URKn0jeMzl1rx05LNFTwaauEnITxCDgMAPDuVuoY5oatW_qYyCMD7Dc2v__feBQDVbGeJ9StVEJg/QaMTP4PSBiZ3AWtfpZn6Y8_IxFpcauOT2z6mI0AIESA),28700,1432922,7,2020-06-20,2023-08-08 1:22am,$0 - $5
rec39Ft7uDK1zVtBK,22,Masterland,GnhIQQrIlNhv2KRyJ0QCPcXhl5F4ErrA8St4ikdduZ5F0K1Al3CwUxie0cf3pKpJ8FZUQ8rqQeM=s88-c-k-c0x00ffffff-no-rj (https://v5.airtableusercontent.com/v1/19/19/1691496000000/vEPw3lkWe2I5gZfAX2Da0A/EBWyLc41M8JNOGAK9FYye2xf1G1xfIJICrDEN3AfrTm8535BTZr0w17eiSkcXQiP2d3xTIUbwe4TY_Eq-cqjNTWr-wJB9i-Xm6OTEwM9I2PXyenbGTFj9E_6_ip4di5Fa2oDYM5x3hpxkPnbDpvKwZHg8wwhpTjXfmE6s7MZByAwF9id9rsVwxOYyFbS7fb3rMbdt9IH1vRJJYxVxBzCsA/1JTuNPXTsCiHBh01nuHTGft7Zpgd3rCsHiklANID2QU),27800,1445311,62,2013-07-17,2023-08-08 1:22am,$0 - $2
recQBR9LpXCOMDEdN,23,Theecember,4GeiYFHhw7T1IpmUUciV3LlBDaTx6NenwtMoNn4os2QoOXVzGC8pbIJkOlXiTV9ysCHgQez7IA=s88-c-k-c0x00ffffff-no-rj (https://v5.airtableusercontent.com/v1/19/19/1691496000000/IsXZpgjCjJ9FTVT3Lnw5Jg/7uEeMlbJmfgdNW9_ewndqNJ2OYQACexQNrPFiK59Rx7V49u44_fEVqj70AdKpq3V1HfB_eDfdCl7N71u0wpWk3ImbiklZQp9Zt-G_xHcRfO-ECZpOVZOF-OUcIaM2-C1eHtWxqRYG6s1_rUnLpEtPIRwbQIstGveQW9_FQXc821s8rAtaTQYNNLjWle1NAVQui4XXVskz6kTiZx_pX50ew/ZsnNHXOjHdbZOm8clQX37RrQ7-tGxYrv7sGuZTlf8AY),26100,1623101,16,2018-08-03,2023-08-08 1:22am,$0 - $4
recnq0Qv7Nj5TQFqo,24,Yoya Jamal,6670ZD2-S4hg8HKiBk4iz7C9lUpBGXa_DnbkAQnXWAAe6Pvbfg8YWGfrQzflPr3ggxLaBCawSwg=s88-c-k-c0x00ffffff-no-nd-rj (https://v5.airtableusercontent.com/v1/19/19/1691496000000/46VU8IxVE6jAu9cyq_hclA/ZGfPWSI8cAB1g-bhHZ76kJwLP-N8V_rwMbKRyCRn9APSfdjYmX5tL18cvyXgRBgA0Za9mOdKeVW6-rAPiX02R2PEdi4eTswa97Pyhfb7WY0kmP9xNIwd-8OFaQmPNt3V7rLgWaN1ebj6eFDaQvNwAojBC9TXZ7m5ZG7YBhoV2GEJ8pTN9oyZANyTX_Ba3O0Ykqscfd0OB0OmmTj0GnuYBA/guNk3r56utrvkS_2oZLq7XEAiJHli-HiYnaBxC_lFdI),25100,1280874,11,2016-06-02,2023-08-08 1:22am,$0 - $2
rec76khAlgtfLlLC1,25,Meili Official,Uf_uO2AsXre8FTE1PobuHdhX31t-qtY7Qipwn6alILYwGVte7j508y_iq9ZQJqHcb3pnXYvK=s88-c-k-c0x00ffffff-no-nd-rj (https://v5.airtableusercontent.com/v1/19/19/1691496000000/d1Ze9n2JJeceX3dVg8rXjA/DDlRmt8H9h8MhHgqbpx5R7hZMX7ixlYI1vxRoU0ogkYHnhN48Sz5cSaK2vvAEwKRRvMU5u0YsXbQg5Hbrc-sYuPdzTLecm-ggiT4ffr6WnJydbAKmAMbPyjka_xGBSIZdWZHYXFVAQ92TA23HfyUCgp5E7EXV0-vose1kJuey6obzsDQ00uUaJWOncKHM4KE6d55KP1hahhlMFccGhs5ZA/XNSj-BSBkcshUk8RiCElRm6h_Rh-H4wcpYqDARRi5dc),25100,977092,12,2015-08-11,2023-08-08 1:22am,$0 - $1
recXLw4iztgyjqpSC,26,Vania Ice,UpUbJCQNsBTc8oO1nToCpugQ01-E3atLtwGImX7jJsY2jN0jJslMEoCZsS4ozosMS0-hLFIuvg=s88-c-k-c0x00ffffff-no-nd-rj (https://v5.airtableusercontent.com/v1/19/19/1691496000000/F1EGd2RavmoKfgT2lz8BhQ/65QnokauO1haKKkoWy4vTomKb7t-9ckhJnCMyfuv8aNZqBuhGgaa4iHS5HPE99ojuq0fYap-TNctHzcHXUf-vmhjdSG8NO_mrXFb7ctoDmEsK2elUptPXbKUDPCS0-sY3OVDG0XFkj0ZJSa8ojknTIn5PC9z8Dw-tuwIvZxKml9AImM4rzW6o9zcjazbnmY9BZIASm7p-tGs5QkxMfemKA/j6pM2d3YA9jg3gbbMGQFxtI6Vvm6xXjduf82MUB7NXg),15000,503148,8,2018-12-01,2023-08-08 1:22am,$0 - $1
rec8YeaNTv7bCM6Lv,27,Monia Fleur,jX2xP7zYqFTglQdTNkI3NdkLJ0bm2PC_CaFQ3v5zpd6-oMvvQyfJO954o6wICz6o_0FH813njA=s88-c-k-c0x00ffffff-no-rj (https://v5.airtableusercontent.com/v1/19/19/1691496000000/vtEg4vjrpx0K3me7RvqdwA/b1xGwf7HOFWhIy-65VG12IaMnjT0UYsMCVC43veJPcxa9X6dFN5WaGAPbvFG4YzXFGbLPDhmLkP7FTjxah7kQogMY0V400HVPDhCfKdZ_P184-0kxjpKivGO6XK4Bh-8i5vYQ3nPH4BFKdCN605Wx8Qho6siUmLXOqQNuHgKD9u0JsmIMCx47Nsn_HhLGetxbDTsN6kdvYuDMq3UMx5NzQ/C5Rq3q5J6lA2o-nwl77LIJN1PlFavfg1aDBDRXPUTmo),14900,621164,4,2022-08-26,2023-08-08 1:22am,$0 - $7
recrbbhMOGfI6ujQ8,28,Miss Erica,g69PUpghy7_tBUK4WP57IoOfMabR4XWW-wiLZpkmdl8o1TzZnFnr9pAUQAbh33ZmGecGjghKZ_M=s88-c-k-c0x00ffffff-no-rj (https://v5.airtableusercontent.com/v1/19/19/1691496000000/iuBdHq0nn61TOI7zQzv_6w/kk82lYFRH3HxquQkhYb8KbjtDn9UQ1zUYnf391hbrBXsvtgBqipXQtscb5xm-yNaSucge--PBjBcsqHUuGWA0avF54vni2QpQxRrm1YPx9T7YB5A61LNS5gWe134RJaGfZJeVnfOWqBf6KoLkspQ58_WgI26AL09-oLfiyI9mGr8DbC4gZDh6fwGr1oq45g_xUbIZxPrOT9S6Lfc77fxig/Ul8HEcs2Jqj41d--1OlvI1HpoTGp1CHa8gDQMg0uHGk),12700,423943,7,2018-10-19,2023-08-08 1:22am,$0 - $1
rec67J3wz8IHOGCPx,29,RACK,1caf1Hl4j-AcGUAGsHnO1FgxHA2n1uF1QKW9UKcAKgzGMDkXLmSZI9AcBlTXhuggT7W2rvwU=s88-c-k-c0x00ffffff-no-rj (https://v5.airtableusercontent.com/v1/19/19/1691496000000/YWaChsIuThgPde_OcxXchg/T7IIFsl7M6AHgcy0XhdwwlEeOEsGgebVaakMOG8eRF5O8JJX8KjbQuimoXxIfzgTOUkTsMyeiEbLISpoiylO56C5Wu_eeB7OI7eI1T1h-oulV-bSr81V3pfrqFgbfRmUk4UNe2-hMpdms9fOq7wNQAoCrcenJ1VsuQLOKcauAnGNDdp1PRneFgkqFnL-IjmedIN_lTCvZCnt_uvn_i1hQA/L2lJyjf8l4EQ2YLCA7j8VLE2r1c2wF9ZTS46MgfjMi0),10000,402525,7,2018-01-30,2023-08-08 1:22am,$0 - $1